Season,Date,Home,Away,minutes_since_midnight,hour,opp_code,home_code,venue_code,day_code,xG_l5,G_l5,ShotsOnTarget_l5,Saves_l5,Tackles_l5,Crosses_l5,Touches_l5,Longballs_l5,xGA_l5,GA_l5,ShotsOnTargetA_l5,TacklesA_l5,CrossesA_l5,TouchesA_l5,LongballsA_l5,home_overall_xG_l5,home_overall_G_l5,home_overall_ShotsOnTarget_l5,home_overall_Saves_l5,home_overall_Tackles_l5,home_overall_Crosses_l5,home_overall_Touches_l5,home_overall_Longballs_l5,home_overall_xGA_l5,home_overall_GA_l5,home_overall_ShotsOnTargetA_l5,home_overall_TacklesA_l5,home_overall_CrossesA_l5,home_overall_TouchesA_l5,home_overall_LongballsA_l5,away_overall_xG_l5,away_overall_G_l5,away_overall_ShotsOnTarget_l5,away_overall_Saves_l5,away_overall_Tackles_l5,away_overall_Crosses_l5,away_overall_Touches_l5,away_overall_Longballs_l5,away_overall_xGA_l5,away_overall_GA_l5,away_overall_ShotsOnTargetA_l5,away_overall_TacklesA_l5,away_overall_CrossesA_l5,away_overall_TouchesA_l5,away_overall_LongballsA_l5,away_xG_l5,away_G_l5,away_ShotsOnTarget_l5,away_Saves_l5,away_Tackles_l5,away_Crosses_l5,away_Touches_l5,away_Longballs_l5,away_xGA_l5,away_GA_l5,away_ShotsOnTargetA_l5,away_TacklesA_l5,away_CrossesA_l5,away_TouchesA_l5,away_LongballsA_l5
2025-2026,2025-09-13 00:00:00+00:00,Arsenal,Nott'ham Forest,750,12,19,0,6,5,1.3800000000000001,2.0,3.8,1.8,10.4,15.4,664.4,43.6,0.9,1.0,28.4,16.6,15.4,470.2,55.8,1.48,1.8,20.4,48.6,15.8,18.2,598.6,54.4,0.86,0.4,13.8,17.8,13.0,526.8,64.2,1.3,1.2,18.2,13.6,18.0,27.8,608.2,61.4,1.4200000000000004,1.4,20.2,18.0,18.2,560.4,57.4,1.1,1.4,32.4,46.8,21.8,17.0,548.6,61.6,1.92,1.2,4.8,15.6,28.4,612.2,61.6
2025-2026,2025-09-13 00:00:00+00:00,Bournemouth,Brighton,900,15,4,2,31,5,1.1199999999999999,1.0,3.8,3.0,13.4,21.2,573.0,63.6,1.02,0.4,28.4,15.8,17.8,515.8,63.4,1.44,1.4,25.2,33.4,17.0,19.6,561.0,70.0,0.9400000000000001,1.4,16.0,15.8,13.8,596.0,61.8,2.1000000000000005,2.0,16.2,32.6,19.6,17.2,592.6,50.2,1.6600000000000001,1.4,28.0,13.4,8.6,558.6,60.0,1.7200000000000002,1.8,35.6,54.0,19.8,21.2,656.0,50.6,1.44,1.8,3.6,17.8,13.8,538.0,66.6
2025-2026,2025-09-13 00:00:00+00:00,Brentford,Chelsea,1200,20,6,3,9,5,1.9400000000000002,2.2,4.4,2.8,20.4,17.4,505.2,69.6,1.26,1.6,36.8,15.8,19.8,638.2,59.2,1.5399999999999996,1.2,20.4,51.4,18.2,15.0,504.4,64.4,1.3,1.8,15.0,19.6,21.4,600.8,63.0,1.6600000000000001,1.8,12.6,16.8,16.8,16.2,633.2,55.0,0.74,0.2,17.2,18.6,16.8,536.2,67.0,1.3199999999999998,1.6,26.4,69.8,13.8,18.6,633.8,62.2,0.9800000000000001,0.8,3.0,14.4,20.8,531.4,58.8
2025-2026,2025-09-13 00:00:00+00:00,Crystal Palace,Sunderland,900,15,22,7,17,5,1.2200000000000002,1.6,3.8,2.4,17.4,15.0,475.2,64.2,0.9400000000000001,1.0,34.0,15.2,21.8,699.2,59.6,1.5599999999999998,1.8,15.4,42.8,20.4,10.0,465.0,56.8,1.42,0.8,26.0,14.6,27.8,734.8,63.0,1.0,1.6666666666666667,12.0,35.0,20.0,19.666666666666668,604.6666666666666,64.66666666666667,0.9333333333333332,1.0,23.333333333333332,14.333333333333334,19.0,608.0,68.0,0.8,0.0,29.0,100.0,18.0,24.0,773.0,60.0,1.0,2.0,2.0,22.0,15.0,608.0,68.0
2025-2026,2025-09-13 00:00:00+00:00,Everton,Aston Villa,900,15,1,8,10,5,1.3800000000000001,1.4,2.6,3.0,18.8,18.2,517.4,67.8,1.64,1.0,29.2,15.8,13.4,645.6,52.2,1.6400000000000001,1.6,17.0,42.6,17.0,13.4,540.2,73.2,1.58,0.6,14.0,16.8,19.6,667.4,57.8,0.8599999999999998,0.4,14.4,41.0,12.2,21.2,596.2,62.6,1.72,1.2,36.2,18.6,15.2,536.4,54.2,1.48,1.0,34.0,85.6,15.2,16.8,534.0,60.4,1.3,1.0,4.6,18.8,20.2,581.2,54.4
2025-2026,2025-09-13 00:00:00+00:00,Fulham,Leeds United,900,15,11,9,4,5,0.9600000000000002,1.2,3.8,3.8,16.4,22.2,584.0,63.6,1.6199999999999999,2.0,29.2,13.2,18.8,614.4,65.0,1.12,1.0,24.2,42.6,18.2,18.4,567.0,65.4,2.14,1.6,11.6,16.0,15.0,588.0,65.2,1.06,0.6,15.2,34.4,19.2,24.2,554.0,70.8,1.6600000000000001,2.4,8.8,15.0,15.6,671.0,65.4,0.74,0.8,41.2,79.8,18.8,15.8,494.6,63.4,2.2,3.2,6.2,14.6,18.8,709.8,63.8
2025-2026,2025-09-13 00:00:00+00:00,Newcastle Utd,Wolves,900,15,26,17,18,5,1.54,2.4,5.0,2.2,10.6,25.6,622.2,58.2,0.9400000000000001,0.8,33.6,13.6,12.6,497.6,64.0,1.1199999999999999,0.4,30.4,61.2,12.6,26.6,583.4,65.8,0.6799999999999999,1.0,14.6,14.4,12.6,516.4,69.4,0.9200000000000003,1.0,22.6,28.0,22.4,18.2,612.2,63.6,1.7399999999999998,2.6,22.6,18.2,14.0,589.4,62.2,1.02,1.0,34.4,62.25,20.2,16.2,578.6,56.2,1.16,1.4,4.0,19.0,16.4,617.2,60.2
2025-2026,2025-09-13 00:00:00+00:00,West Ham,Tottenham,1050,17,23,25,13,5,0.8400000000000001,1.2,3.6,2.2,16.2,18.6,622.4,55.8,1.6199999999999999,2.2,29.6,20.6,17.8,565.0,60.2,1.1800000000000002,1.6,23.0,45.2,16.6,19.4,652.0,59.2,1.3400000000000003,2.2,15.2,19.2,22.0,587.0,53.6,1.2200000000000002,1.2,17.4,34.6,14.8,14.4,533.0,58.0,1.52,1.4,20.4,17.6,22.4,587.2,51.0,0.9800000000000001,1.2,31.8,65.2,14.6,13.2,523.8,54.8,1.6800000000000002,2.4,4.8,20.6,18.4,630.4,53.0
2025-2026,2025-09-14 00:00:00+00:00,Burnley,Liverpool,840,14,13,5,28,6,1.24,1.2,3.8,4.0,17.4,19.2,646.0,62.4,1.54,1.6,29.2,19.0,16.2,628.0,57.4,1.0,1.2,21.2,40.8,15.2,13.2,542.6,65.2,2.2199999999999998,2.0,12.8,14.4,22.6,629.6,57.2,1.54,2.2,18.8,18.2,13.6,15.0,656.2,67.2,1.4400000000000002,1.6,24.4,18.2,18.2,493.6,67.8,1.58,1.8,31.8,57.6,12.6,18.0,681.4,58.8,1.4600000000000002,2.2,5.2,20.0,15.4,512.0,61.6
2025-2026,2025-09-14 00:00:00+00:00,Manchester City,Manchester Utd,990,16,16,15,7,6,1.7600000000000002,2.2,5.0,1.4,13.8,15.6,750.8,48.0,1.2400000000000002,1.2,37.0,17.8,13.0,504.4,58.2,2.06,2.0,24.0,29.0,15.0,13.8,697.8,52.0,1.2599999999999998,1.0,18.8,18.8,13.8,531.2,63.6,1.98,1.2,14.2,40.8,19.6,16.6,641.4,72.6,1.08,1.0,18.8,15.0,15.0,498.2,65.0,1.28,1.2,31.8,80.6,18.4,13.0,609.0,67.4,1.6000000000000003,2.2,3.8,15.4,21.4,548.2,57.2
2025-2026,2025-09-20 00:00:00+00:00,Bournemouth,Newcastle Utd,900,15,17,2,31,5,1.0499999999999998,1.0,4.0,2.0,13.0,22.5,591.0,61.5,1.025,0.5,29.25,16.75,14.5,480.0,64.0,1.525,1.5,21.0,29.25,18.75,20.0,557.25,72.75,0.8,1.0,18.75,17.75,15.5,559.75,64.5,1.025,0.5,29.75,51.5,10.75,26.5,594.5,66.5,0.7,1.0,17.25,13.75,12.0,502.0,72.5,1.22,0.4,44.4,93.2,13.2,22.8,598.8,59.6,0.8800000000000001,1.2,3.8,16.0,13.8,527.8,67.2
2025-2026,2025-09-20 00:00:00+00:00,Brighton,Tottenham,900,15,23,4,25,5,1.58,2.0,6.4,2.4,20.4,16.8,562.2,58.4,1.54,1.4,46.4,12.4,11.6,617.0,58.6,2.075,1.75,17.25,40.0,17.75,15.75,587.5,51.0,1.5250000000000001,1.25,23.0,14.5,9.0,542.0,61.0,1.4000000000000001,1.5,12.0,18.25,16.25,15.75,561.0,60.25,1.5499999999999998,1.25,23.75,18.0,21.0,558.75,54.0,0.7250000000000001,1.0,30.25,69.0,14.75,10.75,477.5,59.75,1.5,2.0,4.75,20.5,20.75,664.75,53.75
2025-2026,2025-09-20 00:00:00+00:00,Burnley,Nott'ham Forest,900,15,19,5,28,5,1.225,1.25,3.25,4.75,17.75,15.5,651.25,62.25,1.7,1.75,25.0,19.25,16.75,628.5,58.5,1.075,1.25,15.75,34.5,14.0,14.0,564.5,62.25,2.0999999999999996,2.0,13.75,15.0,21.25,615.5,61.75,1.15,1.0,15.0,2.0,14.25,29.5,631.0,62.0,1.5000000000000002,1.5,24.0,17.75,15.75,527.0,57.0,1.0,1.5,28.75,42.0,22.0,17.0,552.25,64.0,1.65,1.0,4.0,16.0,32.25,624.25,61.0
2025-2026,2025-09-20 00:00:00+00:00,Fulham,Brentford,1200,20,3,9,4,5,1.0250000000000004,0.75,3.25,3.75,14.25,24.5,599.75,63.25,1.65,2.0,24.0,12.5,18.75,584.25,67.25,1.15,0.5,20.25,39.0,18.0,18.5,577.75,68.0,2.0500000000000003,1.5,13.5,17.25,14.0,605.75,64.0,1.2999999999999998,1.0,24.5,63.25,20.0,14.0,501.25,63.0,1.375,1.5,8.75,19.75,22.25,620.0,65.0,1.3399999999999999,1.2,33.6,72.8,16.2,16.2,526.0,66.6,1.22,1.2,4.4,17.0,21.0,558.4,62.2
2025-2026,2025-09-20 00:00:00+00:00,Liverpool,Everton,750,12,8,13,0,5,1.8800000000000003,2.6,5.4,2.4,16.2,17.4,645.6,65.6,1.42,1.2,33.4,16.8,13.8,501.2,66.2,1.375,2.25,11.5,7.75,14.75,17.0,664.0,70.0,1.2500000000000002,1.25,27.5,16.0,17.0,463.75,73.0,1.3750000000000002,1.5,20.25,52.75,15.0,11.75,511.0,74.0,1.6750000000000003,0.75,9.75,16.5,21.75,669.25,63.0,1.08,1.4,36.2,73.0,14.4,14.0,514.6,71.0,1.1800000000000002,1.0,5.0,17.4,24.8,680.4,67.6
2025-2026,2025-09-20 00:00:00+00:00,Manchester Utd,Chelsea,1050,17,6,16,15,5,2.2800000000000002,1.0,5.6,1.4,21.8,23.8,687.8,62.0,0.96,1.2,26.0,17.6,11.0,500.2,62.0,2.4,1.5,11.0,26.0,18.75,18.5,652.0,68.25,1.1500000000000001,1.0,22.75,14.25,15.5,485.75,67.0,1.8750000000000002,2.0,15.0,20.75,16.5,17.0,654.5,54.5,0.85,0.25,14.75,17.5,18.75,520.5,61.25,1.3499999999999996,2.0,27.5,62.25,14.5,18.75,633.5,60.75,0.9500000000000002,1.0,3.25,12.25,21.0,542.0,55.5
2025-2026,2025-09-20 00:00:00+00:00,West Ham,Crystal Palace,900,15,7,25,13,5,0.875,1.0,3.75,2.25,17.5,19.0,617.0,52.75,1.5,2.25,28.75,20.25,16.25,577.25,58.0,1.2000000000000002,1.75,27.5,55.75,16.0,17.25,641.5,59.25,1.2000000000000002,2.25,11.25,15.75,22.25,604.5,52.25,1.5249999999999997,1.25,16.75,53.25,20.0,11.5,469.75,58.25,1.4249999999999998,0.5,14.75,13.75,30.25,722.75,65.5,2.0,1.6,21.8,68.0,18.6,14.4,481.8,59.8,1.34,0.6,2.8,14.2,24.4,714.4,54.8
2025-2026,2025-09-20 00:00:00+00:00,Wolves,Leeds United,900,15,11,26,14,5,1.1200000000000003,1.2,4.2,1.6,22.4,19.4,654.8,62.2,1.6799999999999997,2.0,30.8,20.8,14.8,616.2,58.6,0.8000000000000004,0.75,10.5,26.75,23.5,18.25,569.5,66.25,1.7499999999999998,2.25,25.75,17.25,16.5,625.25,65.0,1.0999999999999999,0.5,7.25,26.5,18.25,23.0,560.5,67.25,1.5500000000000003,2.25,8.75,16.0,14.25,665.75,65.0,0.7250000000000001,0.75,41.0,74.75,17.5,15.0,479.25,64.25,2.325,3.5,6.5,13.5,17.5,744.75,60.25
2025-2026,2025-09-21 00:00:00+00:00,Arsenal,Manchester City,990,16,15,0,6,6,1.475,2.25,4.0,2.0,12.0,14.0,678.0,43.5,1.075,1.0,30.25,16.5,16.75,485.5,55.0,1.7000000000000002,2.0,24.5,59.5,15.5,19.0,604.75,53.75,0.7,0.5,9.0,17.25,9.5,523.75,64.5,2.2,1.75,28.75,36.0,16.75,15.5,687.0,52.25,1.2999999999999998,1.0,13.0,21.0,12.75,520.0,64.75,2.1799999999999997,1.8,27.2,61.4,13.2,20.4,730.2,54.8,1.02,0.4,2.8,18.4,11.8,492.0,64.2
2025-2026,2025-09-21 00:00:00+00:00,Sunderland,Aston Villa,840,14,1,22,22,6,1.1,2.5,3.5,2.5,21.0,17.5,520.5,67.0,0.8999999999999999,0.5,34.0,10.5,21.0,608.0,68.0,1.0,1.6666666666666667,12.0,35.0,20.0,19.666666666666668,604.6666666666666,64.66666666666667,0.9333333333333332,1.0,23.333333333333332,14.333333333333334,19.0,608.0,68.0,0.7249999999999996,0.0,16.25,51.0,11.25,19.5,570.0,68.5,2.025,1.5,35.5,21.0,16.75,565.25,55.5,1.1,0.5,35.25,91.5,12.75,13.5,493.0,66.0,1.55,1.25,5.25,19.0,21.25,599.0,54.5
2025-2026,2025-09-27 00:00:00+00:00,Aston Villa,Fulham,900,15,9,1,30,5,1.1800000000000002,1.4,5.2,2.0,13.8,19.8,588.8,56.6,1.28,0.8,47.8,16.2,18.4,534.8,51.0,0.8333333333333329,0.0,9.666666666666666,34.666666666666664,12.0,23.0,624.0,69.33333333333333,1.7333333333333332,1.3333333333333333,44.333333333333336,21.333333333333332,16.0,501.6666666666667,56.0,1.0999999999999999,0.6666666666666666,26.0,51.0,18.0,20.666666666666668,571.0,68.33333333333333,1.7333333333333336,1.3333333333333333,10.333333333333334,18.333333333333332,12.666666666666666,593.0,61.333333333333336,1.18,1.2,37.6,73.4,21.0,24.8,586.2,59.8,1.5399999999999998,1.4,3.6,14.0,12.8,556.4,58.6
2025-2026,2025-09-27 00:00:00+00:00,Brentford,Manchester Utd,750,12,16,3,9,5,2.15,2.75,5.0,2.25,19.75,16.75,509.25,69.0,1.275,2.0,40.5,17.0,20.25,639.0,57.0,1.2666666666666664,1.0,21.666666666666668,56.0,19.0,14.333333333333334,460.0,60.666666666666664,1.5,1.6666666666666667,9.666666666666666,18.0,23.0,630.6666666666666,67.33333333333333,2.233333333333334,1.3333333333333333,11.666666666666666,34.333333333333336,18.333333333333332,18.333333333333332,617.3333333333334,73.0,1.4000000000000001,1.3333333333333333,18.333333333333332,16.0,17.666666666666668,511.6666666666667,67.33333333333333,1.425,1.25,28.25,80.75,18.0,14.5,607.75,68.75,1.4500000000000002,1.75,3.25,14.25,20.75,541.5,58.5
2025-2026,2025-09-27 00:00:00+00:00,Chelsea,Brighton,900,15,4,6,23,5,1.6800000000000002,1.4,4.4,2.0,18.4,16.2,618.6,57.0,0.6399999999999999,0.2,36.2,18.8,15.0,582.0,69.0,2.1333333333333333,2.3333333333333335,13.333333333333334,11.0,17.0,19.0,690.6666666666666,54.0,0.7333333333333334,0.3333333333333333,19.0,18.666666666666668,14.0,500.6666666666667,59.0,2.0333333333333337,1.0,12.0,34.333333333333336,17.666666666666668,10.0,553.0,55.666666666666664,1.366666666666667,1.3333333333333333,30.333333333333332,15.0,10.333333333333334,581.3333333333334,65.66666666666667,1.9000000000000004,2.0,35.0,47.5,19.5,21.25,643.5,47.75,1.65,1.75,3.75,16.25,14.75,550.5,66.75
2025-2026,2025-09-27 00:00:00+00:00,Crystal Palace,Liverpool,900,15,13,7,17,5,1.3750000000000002,1.5,4.0,2.0,15.75,16.25,472.0,63.75,0.925,1.0,33.0,13.75,22.0,697.5,59.0,1.433333333333333,1.3333333333333333,15.333333333333334,44.333333333333336,20.666666666666668,13.333333333333334,472.6666666666667,55.0,1.2,0.3333333333333333,18.666666666666668,12.0,28.666666666666668,692.6666666666666,62.333333333333336,1.1333333333333335,2.6666666666666665,14.333333333333334,9.0,13.333333333333334,11.0,614.3333333333334,68.33333333333333,1.066666666666667,1.3333333333333333,29.666666666666668,15.333333333333334,20.666666666666668,464.6666666666667,74.66666666666667,1.6,1.75,27.25,55.5,11.75,17.75,668.0,59.5,1.6500000000000001,2.0,5.0,18.75,16.0,509.75,60.75
2025-2026,2025-09-27 00:00:00+00:00,Leeds United,Bournemouth,900,15,2,11,5,5,1.5399999999999998,1.0,2.2,2.2,20.0,22.6,552.0,74.2,1.58,1.4,18.4,18.8,14.8,629.4,63.8,0.9666666666666667,0.3333333333333333,9.0,34.333333333333336,17.0,16.0,535.3333333333334,63.666666666666664,1.3333333333333333,1.6666666666666667,8.0,12.666666666666666,17.0,675.6666666666666,65.33333333333333,1.5,1.3333333333333333,25.666666666666668,39.0,20.0,19.333333333333332,527.3333333333334,75.66666666666667,0.9666666666666668,1.3333333333333333,13.333333333333334,17.666666666666668,18.0,600.0,67.33333333333333,1.1800000000000002,1.2,29.2,53.2,16.4,19.8,564.0,65.6,1.1400000000000001,1.6,4.0,12.4,12.8,601.0,60.4
2025-2026,2025-09-27 00:00:00+00:00,Manchester City,Burnley,900,15,5,15,7,5,1.2750000000000004,1.5,4.25,1.5,14.75,16.5,725.25,51.75,1.1,1.0,36.75,19.25,13.0,512.75,60.5,1.9333333333333336,1.6666666666666667,30.666666666666668,23.0,17.666666666666668,14.666666666666666,701.3333333333334,45.666666666666664,1.2999999999999998,1.3333333333333333,16.333333333333332,22.0,13.0,494.0,64.0,1.0333333333333334,1.3333333333333333,20.0,44.666666666666664,16.0,12.666666666666666,490.3333333333333,68.66666666666667,2.233333333333333,2.0,13.333333333333334,15.333333333333334,25.666666666666668,698.6666666666666,62.333333333333336,1.4200000000000002,1.6,39.8,70.8,15.6,11.8,521.8,70.6,2.74,2.0,8.2,14.4,23.4,644.6,60.0
2025-2026,2025-09-27 00:00:00+00:00,Nott'ham Forest,Sunderland,1050,17,22,19,26,5,1.1800000000000002,1.0,3.8,2.6,14.0,29.4,594.2,58.6,1.46,1.8,31.0,15.6,14.8,512.8,58.2,1.133333333333333,1.3333333333333333,19.333333333333332,2.3333333333333335,14.333333333333334,28.333333333333332,648.0,60.0,1.6333333333333335,1.6666666666666667,25.333333333333332,18.666666666666668,17.333333333333332,520.6666666666666,57.333333333333336,1.0,1.6666666666666667,12.0,35.0,20.0,19.666666666666668,604.6666666666666,64.66666666666667,0.9333333333333332,1.0,23.333333333333332,14.333333333333334,19.0,608.0,68.0,0.8,0.0,29.0,100.0,18.0,24.0,773.0,60.0,1.0,2.0,2.0,22.0,15.0,608.0,68.0
2025-2026,2025-09-28 00:00:00+00:00,Newcastle Utd,Arsenal,990,16,0,17,18,6,1.55,1.75,4.5,2.25,11.25,29.0,609.0,57.75,0.675,1.0,29.5,14.25,12.25,494.75,68.0,0.9666666666666665,0.6666666666666666,37.666666666666664,67.0,10.666666666666666,24.0,565.3333333333334,69.0,0.5333333333333332,1.0,11.333333333333334,14.0,12.333333333333334,529.6666666666666,73.0,1.5,2.0,23.0,55.666666666666664,14.666666666666666,15.666666666666666,575.3333333333334,61.0,0.7333333333333333,0.3333333333333333,11.333333333333334,17.0,9.0,534.3333333333334,66.66666666666667,1.8199999999999998,1.8,26.0,69.0,17.2,17.4,624.2,50.8,1.0400000000000003,0.8,3.4,16.4,9.6,513.0,62.6
2025-2026,2025-09-28 00:00:00+00:00,Tottenham,Wolves,840,14,26,23,27,6,1.46,1.0,2.8,4.2,15.2,23.4,595.4,56.2,1.6800000000000004,1.8,25.4,19.8,18.8,507.8,61.4,1.2000000000000002,1.6666666666666667,15.666666666666666,23.0,17.333333333333332,19.333333333333332,606.6666666666666,64.66666666666667,1.3333333333333333,0.3333333333333333,20.666666666666668,18.0,17.0,514.6666666666666,59.666666666666664,0.7333333333333338,0.6666666666666666,12.0,33.666666666666664,23.0,17.666666666666668,563.3333333333334,69.0,1.8666666666666663,2.6666666666666665,23.333333333333332,15.333333333333334,17.666666666666668,625.3333333333334,63.333333333333336,0.625,0.75,34.75,61.0,22.0,14.75,576.75,55.25,1.25,1.5,4.5,20.75,17.0,651.25,57.25
2025-2026,2025-09-29 00:00:00+00:00,Everton,West Ham,1200,20,25,8,10,0,1.4500000000000002,1.5,3.0,3.0,19.25,19.25,563.0,71.25,1.5999999999999996,1.0,30.25,14.25,12.25,651.75,52.75,1.4333333333333336,1.6666666666666667,15.333333333333334,42.666666666666664,15.666666666666666,12.0,541.6666666666666,75.0,1.8333333333333337,1.0,11.0,18.333333333333332,17.666666666666668,665.0,64.33333333333333,1.2333333333333334,1.3333333333333333,27.0,57.666666666666664,13.0,20.0,599.3333333333334,57.333333333333336,1.3666666666666671,2.6666666666666665,13.666666666666666,17.333333333333332,22.333333333333332,619.3333333333334,53.666666666666664,1.4200000000000004,2.0,37.4,64.2,16.4,16.4,654.6,60.8,1.1,1.4,5.2,17.8,27.4,617.0,52.6
2025-2026,2025-10-03 00:00:00+00:00,Bournemouth,Fulham,1200,20,9,2,31,4,1.2333333333333332,1.0,5.0,1.0,14.333333333333334,24.333333333333332,635.3333333333334,63.333333333333336,0.6000000000000001,0.3333333333333333,34.666666666666664,17.333333333333332,11.0,426.0,65.33333333333333,1.4,1.0,12.0,42.0,20.0,19.0,545.5,70.5,0.3500000000000001,0.0,15.0,18.5,18.5,560.5,68.5,1.3,0.5,22.5,51.5,19.5,24.0,583.5,67.5,1.8500000000000003,1.5,14.0,18.0,13.5,604.5,62.0,0.875,1.0,36.25,76.75,21.75,17.75,549.0,64.25,1.775,1.5,3.75,15.25,14.0,578.5,59.25
2025-2026,2025-10-04 00:00:00+00:00,Arsenal,West Ham,900,15,25,0,6,5,1.5666666666666667,2.3333333333333335,4.0,2.0,13.666666666666666,14.0,626.0,49.0,0.8666666666666667,0.6666666666666666,29.333333333333332,16.666666666666668,15.666666666666666,492.6666666666667,55.333333333333336,1.6,2.5,18.5,50.5,13.0,18.0,631.0,59.0,0.34999999999999987,0.5,13.5,14.5,6.0,489.0,60.5,1.55,2.0,15.5,36.5,13.5,17.0,546.0,48.5,1.7000000000000006,2.5,18.0,19.0,25.0,695.5,48.5,1.4500000000000002,2.0,32.75,67.75,18.25,17.0,660.25,60.5,1.05,1.0,4.25,16.25,26.25,602.75,52.75
2025-2026,2025-10-04 00:00:00+00:00,Chelsea,Liverpool,1050,17,13,6,23,5,1.9000000000000001,1.5,3.75,1.75,17.25,15.25,609.25,54.75,0.7,0.25,27.75,19.25,14.25,586.5,68.75,2.4000000000000004,3.5,19.0,14.5,19.0,14.0,670.0,54.5,0.8,0.5,23.0,20.0,15.5,561.0,60.5,0.6000000000000001,2.0,16.5,13.0,12.0,8.0,582.0,70.0,0.7500000000000004,1.0,18.0,13.0,21.0,451.5,69.0,1.3,2.0,36.333333333333336,45.0,10.333333333333334,12.666666666666666,665.6666666666666,57.666666666666664,2.1,2.6666666666666665,6.666666666666667,19.333333333333332,18.0,501.6666666666667,56.333333333333336
2025-2026,2025-10-04 00:00:00+00:00,Everton,Crystal Palace,900,15,7,8,10,5,1.6333333333333335,2.0,3.3333333333333335,2.6666666666666665,19.333333333333332,21.0,595.3333333333334,71.66666666666667,1.4666666666666661,0.6666666666666666,32.0,16.666666666666668,11.333333333333334,601.3333333333334,47.666666666666664,1.7500000000000004,2.5,18.0,14.0,15.5,12.5,521.5,78.5,1.7500000000000004,1.0,15.5,20.0,13.5,673.5,62.0,1.8499999999999994,2.0,17.5,16.5,23.0,14.5,519.0,54.5,0.9999999999999998,0.5,27.0,11.5,28.5,673.0,67.0,2.075,1.5,19.0,72.5,19.25,13.0,486.25,61.25,1.375,0.25,2.5,16.0,27.0,684.5,61.75
2025-2026,2025-10-04 00:00:00+00:00,Leeds United,Tottenham,750,12,23,11,5,5,1.5499999999999998,1.0,2.0,2.25,19.5,24.25,565.75,74.75,1.4500000000000002,1.5,17.25,18.25,13.5,634.5,65.5,0.44999999999999996,0.0,12.5,51.0,18.0,11.0,479.0,61.0,1.6,2.5,7.0,11.0,20.0,722.5,64.0,0.6500000000000004,1.0,20.5,32.5,20.0,15.5,585.5,69.5,1.5499999999999998,0.5,12.0,24.0,18.5,582.0,59.0,0.8000000000000002,1.0,32.333333333333336,70.0,15.666666666666666,10.333333333333334,483.3333333333333,59.666666666666664,1.2666666666666666,1.0,4.333333333333333,21.0,22.0,665.6666666666666,53.333333333333336
2025-2026,2025-10-04 00:00:00+00:00,Manchester Utd,Sunderland,900,15,22,16,15,5,2.5250000000000004,1.25,6.5,1.5,19.75,22.75,683.0,65.0,1.15,1.25,28.25,16.75,11.0,493.25,64.75,2.6000000000000005,2.0,14.0,50.5,16.5,20.0,613.5,70.0,1.4500000000000002,1.5,11.5,15.0,21.0,535.5,68.5,1.15,1.0,15.5,51.0,23.0,21.0,673.5,65.0,1.0999999999999999,1.5,10.0,15.5,15.5,559.0,64.5,0.8,0.0,29.0,100.0,18.0,24.0,773.0,60.0,1.0,2.0,2.0,22.0,15.0,608.0,68.0
2025-2026,2025-10-05 00:00:00+00:00,Aston Villa,Burnley,840,14,5,1,30,6,0.9249999999999999,0.75,4.25,2.0,12.5,20.75,599.5,58.5,1.35,0.75,50.0,17.25,17.5,527.75,53.75,1.1499999999999995,0.0,13.0,50.5,12.5,29.0,713.5,65.0,1.8999999999999997,2.0,16.5,27.0,11.0,447.5,54.5,1.1,2.0,11.0,17.0,21.0,12.0,545.5,72.5,2.1999999999999997,1.5,17.0,17.0,25.0,723.5,66.0,1.225,1.0,34.5,74.75,15.0,11.75,480.75,73.0,2.825,2.25,7.5,13.5,23.5,649.75,55.5
2025-2026,2025-10-05 00:00:00+00:00,Brentford,Manchester City,990,16,15,3,9,6,2.1666666666666665,2.3333333333333335,4.0,2.6666666666666665,19.666666666666668,16.666666666666668,483.6666666666667,63.333333333333336,1.2333333333333334,2.0,37.333333333333336,16.666666666666668,18.333333333333332,635.6666666666666,58.666666666666664,1.2,1.0,10.0,34.0,18.5,13.5,436.0,60.0,1.35,1.0,12.0,21.0,22.5,660.0,67.0,1.7000000000000004,0.5,29.5,34.5,17.5,12.0,692.0,48.5,1.6499999999999997,2.0,23.0,20.5,9.5,470.0,65.5,2.2249999999999996,1.75,27.75,60.25,14.75,21.75,712.0,51.5,1.05,0.5,3.0,18.25,11.25,498.5,62.75
2025-2026,2025-10-05 00:00:00+00:00,Newcastle Utd,Nott'ham Forest,840,14,19,17,18,6,1.2666666666666668,1.3333333333333333,5.0,3.0,11.0,23.0,541.0,59.333333333333336,0.8666666666666667,1.3333333333333333,35.0,13.666666666666666,14.333333333333334,545.0,69.0,0.7499999999999998,1.0,6.5,50.5,11.0,23.0,543.0,74.0,0.7,1.5,15.5,15.5,13.0,572.0,70.5,0.7999999999999998,0.5,26.5,2.5,15.5,30.5,686.0,56.0,1.7500000000000004,2.0,15.5,18.0,18.0,527.0,55.0,1.1666666666666667,1.3333333333333333,30.666666666666668,45.0,19.333333333333332,21.0,595.6666666666666,62.333333333333336,1.5,1.0,3.6666666666666665,16.666666666666668,25.666666666666668,592.0,61.666666666666664
2025-2026,2025-10-05 00:00:00+00:00,Wolves,Brighton,840,14,4,26,14,6,0.9000000000000004,0.75,4.0,1.75,22.5,20.25,629.25,62.5,1.8249999999999997,2.5,32.25,20.5,15.25,617.5,60.5,0.8000000000000007,1.0,16.5,50.5,22.0,16.5,574.0,73.0,1.5999999999999996,2.0,18.5,14.0,16.5,578.0,75.0,2.3000000000000007,1.0,16.5,51.0,17.0,9.5,544.5,53.5,1.7000000000000002,1.5,29.0,15.0,8.5,599.0,63.5,2.066666666666667,2.0,30.0,52.333333333333336,20.0,19.666666666666668,641.6666666666666,46.333333333333336,1.5,1.0,2.3333333333333335,15.0,14.0,538.6666666666666,60.333333333333336
2025-2026,2025-10-18 00:00:00+00:00,Brighton,Newcastle Utd,900,15,17,4,25,5,1.65,1.75,5.75,2.5,19.5,13.0,534.25,60.0,1.6,1.25,44.0,13.25,11.0,613.25,57.75,2.2,2.0,6.0,2.0,17.0,8.0,440.0,59.0,1.8,1.0,55.0,15.0,5.0,695.0,48.0,0.5,0.0,10.0,100.0,10.0,21.0,695.0,79.0,0.7,0.0,1.0,18.0,17.0,560.0,78.0,1.275,0.25,45.75,100.0,13.5,23.0,607.75,64.5,0.55,0.5,2.5,15.25,13.25,523.25,71.75
2025-2026,2025-10-18 00:00:00+00:00,Burnley,Leeds United,900,15,11,5,28,5,1.0666666666666667,1.3333333333333333,3.3333333333333335,3.6666666666666665,16.333333333333332,16.333333333333332,665.3333333333334,62.0,1.9666666666666666,2.0,24.333333333333332,20.333333333333332,17.333333333333332,598.6666666666666,57.0,1.2,2.0,20.0,33.0,20.0,9.0,483.0,77.0,3.6,3.0,5.0,16.0,26.0,674.0,72.0,0.7,0.0,1.0,2.0,18.0,17.0,560.0,78.0,0.5,0.0,10.0,10.0,21.0,695.0,79.0,0.4333333333333334,0.6666666666666666,35.333333333333336,72.0,17.0,13.666666666666666,414.0,63.0,2.466666666666667,3.3333333333333335,6.333333333333333,10.0,20.666666666666668,812.0,54.0
2025-2026,2025-10-18 00:00:00+00:00,Crystal Palace,Bournemouth,900,15,2,7,17,5,1.7000000000000002,2.0,5.333333333333333,1.3333333333333333,17.666666666666668,17.666666666666668,509.3333333333333,59.0,1.0,1.3333333333333333,44.0,14.333333333333334,20.0,684.3333333333334,60.333333333333336,2.6,3.0,31.0,33.0,26.0,11.0,533.0,50.0,1.1,0.0,4.0,11.0,31.0,681.0,66.0,1.5,1.0,20.0,83.0,28.0,18.0,475.0,69.0,0.2,0.0,1.0,16.0,20.0,671.0,67.0,1.3,1.5,36.5,41.5,17.5,17.75,520.75,68.25,1.325,2.0,5.0,13.0,13.0,661.25,56.0
2025-2026,2025-10-18 00:00:00+00:00,Fulham,Arsenal,1050,17,0,9,4,5,1.266666666666667,0.6666666666666666,4.0,3.3333333333333335,14.333333333333334,24.333333333333332,634.6666666666666,65.0,1.9000000000000001,2.0,26.333333333333332,13.666666666666666,16.333333333333332,555.0,69.33333333333333,0.9,0.0,42.0,100.0,29.0,15.0,579.0,75.0,2.1,2.0,5.0,19.0,13.0,656.0,56.0,0.5,0.0,33.0,100.0,14.0,17.0,512.0,69.0,0.5,1.0,3.0,11.0,7.0,580.0,77.0,1.675,1.25,32.5,75.75,17.5,17.75,562.75,53.5,1.2500000000000002,1.0,4.25,16.75,11.0,547.75,67.5
2025-2026,2025-10-18 00:00:00+00:00,Manchester City,Everton,900,15,8,15,7,5,1.2666666666666668,1.3333333333333333,3.6666666666666665,1.3333333333333333,15.666666666666666,14.0,755.3333333333334,52.0,0.8666666666666668,1.0,34.666666666666664,20.666666666666668,14.0,540.6666666666666,59.333333333333336,1.8,1.0,55.0,66.0,15.0,5.0,695.0,48.0,2.2,2.0,6.0,17.0,8.0,440.0,59.0,1.9,3.0,33.0,25.0,16.0,13.0,540.0,78.0,1.1,2.0,4.0,23.0,16.0,698.0,76.0,1.25,1.75,27.75,66.25,13.75,13.0,502.25,71.25,1.275,1.0,4.5,16.0,26.0,686.5,68.0
2025-2026,2025-10-18 00:00:00+00:00,Nott'ham Forest,Chelsea,750,12,6,19,26,5,1.25,1.25,3.5,3.0,15.5,29.75,607.75,56.25,1.5,1.75,29.75,15.5,15.0,523.25,56.5,0.7,0.0,3.0,5.0,19.0,35.0,707.0,44.0,2.4,3.0,27.0,16.0,18.0,549.0,51.0,2.1,2.0,5.0,1.0,19.0,13.0,656.0,56.0,0.9,0.0,42.0,29.0,15.0,579.0,75.0,1.4999999999999993,2.0,31.0,59.333333333333336,16.333333333333332,16.333333333333332,620.6666666666666,60.666666666666664,1.1666666666666667,1.0,4.0,11.666666666666666,19.666666666666668,557.6666666666666,54.666666666666664
2025-2026,2025-10-18 00:00:00+00:00,Sunderland,Wolves,900,15,26,22,22,5,1.1,2.5,3.5,2.5,21.0,17.5,520.5,67.0,0.8999999999999999,0.5,34.0,10.5,21.0,608.0,68.0,1.5,2.0,2.0,2.0,28.0,18.0,574.0,70.0,1.2,1.0,18.0,9.0,16.0,510.0,61.0,1.1,2.0,4.0,1.0,23.0,16.0,698.0,76.0,1.9,3.0,33.0,16.0,13.0,540.0,78.0,0.7666666666666666,0.6666666666666666,40.666666666666664,66.5,22.333333333333332,16.0,593.0,56.666666666666664,1.2333333333333332,2.0,5.333333333333333,17.666666666666668,13.333333333333334,632.6666666666666,59.666666666666664
2025-2026,2025-10-19 00:00:00+00:00,Liverpool,Manchester Utd,990,16,16,13,0,6,1.8000000000000003,2.0,5.25,2.5,15.5,17.5,641.5,68.25,1.65,1.25,35.75,18.0,14.25,511.5,67.75,0.5,1.0,3.0,1.0,11.0,7.0,580.0,77.0,0.5,0.0,33.0,14.0,17.0,512.0,69.0,3.6,3.0,5.0,1.0,16.0,26.0,674.0,72.0,1.2,2.0,20.0,20.0,9.0,483.0,77.0,1.1333333333333335,1.3333333333333333,33.333333333333336,80.0,19.0,11.0,596.3333333333334,71.66666666666667,1.7666666666666668,2.0,4.0,16.0,22.0,569.3333333333334,59.333333333333336
2025-2026,2025-10-19 00:00:00+00:00,Tottenham,Aston Villa,840,14,1,23,27,6,1.2999999999999998,1.0,2.25,5.0,15.5,16.25,564.0,55.5,1.9750000000000005,1.75,26.0,17.25,22.25,529.25,59.5,0.2,0.0,1.0,5.0,16.0,20.0,671.0,67.0,1.5,1.0,20.0,28.0,18.0,475.0,69.0,1.1,0.0,4.0,1.0,11.0,31.0,681.0,66.0,2.6,3.0,31.0,26.0,11.0,533.0,50.0,0.8666666666666668,0.3333333333333333,32.666666666666664,88.66666666666667,12.0,14.666666666666666,514.3333333333334,66.66666666666667,1.6333333333333335,1.0,5.0,21.333333333333332,20.333333333333332,587.0,55.666666666666664
2025-2026,2025-10-20 00:00:00+00:00,West Ham,Brentford,1200,20,3,25,13,0,0.8666666666666667,1.0,3.6666666666666665,2.0,19.0,21.0,614.6666666666666,59.0,1.7999999999999998,2.6666666666666665,27.333333333333332,22.0,15.666666666666666,576.6666666666666,56.666666666666664,2.4,3.0,27.0,71.0,16.0,18.0,549.0,51.0,0.7,0.0,3.0,19.0,35.0,707.0,44.0,1.2,1.0,18.0,66.0,9.0,16.0,510.0,61.0,1.5,2.0,2.0,28.0,18.0,574.0,70.0,1.3499999999999999,1.0,33.0,82.75,16.25,16.75,539.75,67.0,1.2999999999999998,1.5,4.25,19.25,19.25,563.0,60.75
2025-2026,2025-10-24 00:00:00+00:00,Leeds United,West Ham,1200,20,25,11,5,4,1.3999999999999997,0.6666666666666666,1.6666666666666667,2.0,18.333333333333332,29.0,614.6666666666666,75.0,1.1666666666666667,1.3333333333333333,10.333333333333334,17.333333333333332,12.666666666666666,637.6666666666666,70.33333333333333,,,,,,,,,,,,,,,,,,,,,,,,,,,,,,,1.3666666666666671,2.0,35.333333333333336,73.66666666666667,17.666666666666668,17.666666666666668,674.3333333333334,63.666666666666664,0.7,1.3333333333333333,4.0,14.666666666666666,24.666666666666668,578.0,52.0
2025-2026,2025-10-25 00:00:00+00:00,Arsenal,Crystal Palace,900,15,7,0,6,5,1.6500000000000004,3.0,4.0,3.0,14.5,17.0,662.0,53.0,0.8500000000000001,0.0,28.5,19.0,16.0,468.5,53.5,,,,,,,,,,,,,,,,,,,,,,,,,,,,,,,1.6666666666666667,1.3333333333333333,21.0,71.0,20.0,9.333333333333334,458.0,58.0,1.6000000000000003,0.3333333333333333,3.0,14.333333333333334,31.666666666666668,742.0,64.66666666666667
2025-2026,2025-10-25 00:00:00+00:00,Brentford,Liverpool,1200,20,13,3,9,5,1.85,1.5,3.0,3.0,19.5,15.0,439.5,64.5,1.1,1.5,31.0,16.5,22.5,635.0,59.5,,,,,,,,,,,,,,,,,,,,,,,,,,,,,,,1.4500000000000002,2.5,39.0,42.5,11.0,8.0,604.5,59.5,1.6000000000000003,2.5,7.5,19.5,24.0,502.0,58.0
2025-2026,2025-10-25 00:00:00+00:00,Chelsea,Sunderland,900,15,22,6,23,5,1.5,1.0,3.3333333333333335,2.0,16.666666666666668,18.333333333333332,645.3333333333334,55.333333333333336,0.6,0.0,26.666666666666668,22.666666666666668,11.666666666666666,519.3333333333334,73.66666666666667,,,,,,,,,,,,,,,,,,,,,,,,,,,,,,,0.8,0.0,29.0,100.0,18.0,24.0,773.0,60.0,1.0,2.0,2.0,22.0,15.0,608.0,68.0
2025-2026,2025-10-25 00:00:00+00:00,Manchester Utd,Brighton,1050,17,4,16,15,5,2.6666666666666665,1.6666666666666667,7.0,1.3333333333333333,19.333333333333332,20.0,685.0,68.33333333333333,0.9666666666666667,1.0,29.333333333333332,15.666666666666666,9.666666666666666,451.6666666666667,69.33333333333333,,,,,,,,,,,,,,,,,,,,,,,,,,,,,,,2.3000000000000007,2.0,30.0,78.5,17.5,22.0,670.0,42.5,1.8,1.5,2.0,14.0,8.5,463.5,63.0
2025-2026,2025-10-25 00:00:00+00:00,Newcastle Utd,Fulham,900,15,9,17,18,5,1.1,1.0,4.5,3.0,11.5,29.5,536.5,64.0,0.9500000000000002,2.0,32.5,13.0,10.0,501.5,67.0,,,,,,,,,,,,,,,,,,,,,,,,,,,,,,,0.8666666666666667,1.3333333333333333,38.333333333333336,69.0,21.0,15.666666666666666,549.6666666666666,66.66666666666667,2.033333333333333,1.6666666666666667,4.0,16.333333333333332,14.333333333333334,581.0,62.0
2025-2026,2025-10-26 00:00:00+00:00,Aston Villa,Manchester City,840,14,15,1,30,6,0.8999999999999999,0.6666666666666666,4.666666666666667,1.6666666666666667,12.666666666666666,23.333333333333332,609.0,61.0,1.5,1.0,56.666666666666664,15.0,15.333333333333334,521.3333333333334,52.666666666666664,,,,,,,,,,,,,,,,,,,,,,,,,,,,,,,2.4,2.3333333333333335,37.0,47.0,15.666666666666666,14.333333333333334,686.3333333333334,53.333333333333336,1.366666666666667,0.6666666666666666,4.0,20.0,13.333333333333334,526.6666666666666,62.333333333333336
2025-2026,2025-10-26 00:00:00+00:00,Bournemouth,Nott'ham Forest,840,14,19,2,31,6,1.4499999999999997,1.5,5.5,0.5,13.5,21.0,631.5,68.0,0.40000000000000013,0.0,32.0,19.5,12.5,444.5,63.0,,,,,,,,,,,,,,,,,,,,,,,,,,,,,,,1.4,1.5,40.5,30.0,22.5,23.5,591.0,63.5,1.1,1.0,4.5,19.5,23.0,599.5,59.0
2025-2026,2025-10-26 00:00:00+00:00,Everton,Tottenham,990,16,23,8,10,6,2.1500000000000004,2.0,3.5,2.5,20.0,16.0,580.0,74.5,1.7999999999999994,0.0,29.0,17.5,11.0,654.5,42.5,,,,,,,,,,,,,,,,,,,,,,,,,,,,,,,0.8000000000000003,1.0,39.5,80.0,16.5,10.0,460.5,60.5,1.5,1.0,5.5,18.0,23.5,695.0,44.0
2025-2026,2025-10-26 00:00:00+00:00,Wolves,Burnley,840,14,5,26,14,6,0.9000000000000005,1.0,4.333333333333333,2.3333333333333335,24.333333333333332,18.666666666666668,609.3333333333334,65.0,1.8999999999999997,2.6666666666666665,33.0,19.0,15.333333333333334,628.3333333333334,62.666666666666664,,,,,,,,,,,,,,,,,,,,,,,,,,,,,,,0.9333333333333332,1.0,33.666666666666664,66.33333333333333,15.333333333333334,11.0,439.3333333333333,71.66666666666667,2.866666666666667,2.6666666666666665,6.666666666666667,13.333333333333334,27.0,669.6666666666666,55.333333333333336
2025-2026,2025-11-01 00:00:00+00:00,Brighton,Leeds United,900,15,11,4,25,5,1.9666666666666668,2.0,7.0,2.0,21.0,14.0,541.0,55.333333333333336,1.5666666666666667,1.3333333333333333,45.333333333333336,13.0,8.666666666666666,622.0,58.0,,,,,,,,,,,,,,,,,,,,,,,,,,,,,,,0.5500000000000002,0.5,35.5,83.0,20.5,17.0,463.0,64.5,2.4,4.0,6.5,11.5,20.0,721.0,58.0
2025-2026,2025-11-01 00:00:00+00:00,Burnley,Arsenal,900,15,0,5,28,5,1.1,1.5,2.5,2.5,15.0,16.5,697.5,55.5,1.25,1.0,22.0,16.0,16.0,569.5,60.0,,,,,,,,,,,,,,,,,,,,,,,,,,,,,,,1.3666666666666665,1.0,31.333333333333332,79.0,16.666666666666668,19.0,556.3333333333334,55.333333333333336,0.866666666666667,0.6666666666666666,4.0,17.0,11.0,565.6666666666666,71.33333333333333
2025-2026,2025-11-01 00:00:00+00:00,Crystal Palace,Brentford,900,15,3,7,17,5,1.4000000000000004,2.5,7.0,0.5,21.0,11.0,475.5,55.0,1.1500000000000001,1.5,60.5,15.0,22.0,724.0,60.5,,,,,,,,,,,,,,,,,,,,,,,,,,,,,,,1.3333333333333333,1.0,32.0,83.66666666666667,17.333333333333332,15.0,547.6666666666666,64.33333333333333,1.4333333333333333,2.0,4.333333333333333,21.666666666666668,20.666666666666668,578.0,65.33333333333333
2025-2026,2025-11-01 00:00:00+00:00,Fulham,Wolves,900,15,26,9,4,5,1.5000000000000004,0.5,3.0,3.0,14.0,22.5,593.0,63.5,2.3,1.5,23.0,15.5,16.0,598.5,70.0,,,,,,,,,,,,,,,,,,,,,,,,,,,,,,,0.95,1.0,50.0,66.5,19.5,17.5,616.5,61.5,1.5,2.5,7.0,17.0,12.0,531.0,61.5
2025-2026,2025-11-01 00:00:00+00:00,Liverpool,Aston Villa,900,15,1,13,0,5,1.6000000000000003,2.0,5.333333333333333,2.0,15.333333333333334,19.666666666666668,690.6666666666666,72.33333333333333,1.3333333333333333,1.0,35.666666666666664,17.333333333333332,14.333333333333334,488.0,74.33333333333333,,,,,,,,,,,,,,,,,,,,,,,,,,,,,,,0.8000000000000002,0.0,29.0,100.0,11.5,18.0,577.0,65.0,2.05,1.5,5.5,24.0,15.0,559.0,56.5
2025-2026,2025-11-01 00:00:00+00:00,Manchester City,Bournemouth,900,15,2,15,7,5,1.5500000000000005,1.5,4.5,2.0,14.0,13.0,715.0,50.0,1.1,1.5,41.0,17.0,14.5,538.0,65.5,,,,,,,,,,,,,,,,,,,,,,,,,,,,,,,1.4333333333333336,1.3333333333333333,38.333333333333336,55.333333333333336,19.333333333333332,18.666666666666668,514.0,71.33333333333333,1.3,2.3333333333333335,5.333333333333333,13.333333333333334,14.666666666666666,697.0,61.0
2025-2026,2025-11-01 00:00:00+00:00,Nott'ham Forest,Manchester Utd,900,15,16,19,26,5,1.2333333333333334,1.0,3.3333333333333335,2.6666666666666665,15.0,30.666666666666668,619.6666666666666,60.0,1.633333333333333,1.6666666666666667,30.666666666666668,17.0,15.0,534.3333333333334,56.333333333333336,,,,,,,,,,,,,,,,,,,,,,,,,,,,,,,0.9500000000000002,0.5,25.0,100.0,20.0,11.5,576.0,79.0,1.2500000000000007,1.0,3.0,14.0,23.0,568.0,58.5
2025-2026,2025-11-01 00:00:00+00:00,Sunderland,Everton,900,15,8,22,22,5,1.1,2.5,3.5,2.5,21.0,17.5,520.5,67.0,0.8999999999999999,0.5,34.0,10.5,21.0,608.0,68.0,,,,,,,,,,,,,,,,,,,,,,,,,,,,,,,1.3,1.3333333333333333,26.0,69.33333333333333,15.0,11.666666666666666,513.6666666666666,72.33333333333333,1.4333333333333333,1.0,4.0,16.333333333333332,25.333333333333332,676.0,68.0
2025-2026,2025-11-01 00:00:00+00:00,Tottenham,Chelsea,900,15,6,23,27,5,1.5,1.3333333333333333,2.6666666666666665,4.333333333333333,13.666666666666666,17.333333333333332,581.3333333333334,56.333333333333336,1.533333333333334,1.6666666666666667,30.333333333333332,17.333333333333332,21.666666666666668,515.3333333333334,55.666666666666664,,,,,,,,,,,,,,,,,,,,,,,,,,,,,,,1.8999999999999992,3.0,26.5,39.0,17.0,13.0,615.0,54.5,0.9500000000000002,0.5,3.0,12.5,24.5,561.5,57.0
2025-2026,2025-11-01 00:00:00+00:00,West Ham,Newcastle Utd,900,15,17,25,13,5,0.9000000000000001,1.0,4.5,2.5,15.0,22.0,618.5,52.5,2.3,3.5,32.0,26.0,18.0,600.5,56.0,,,,,,,,,,,,,,,,,,,,,,,,,,,,,,,1.133333333333333,0.0,47.666666666666664,100.0,13.333333333333334,24.666666666666668,614.6666666666666,67.0,0.5000000000000001,0.3333333333333333,2.6666666666666665,15.333333333333334,14.333333333333334,526.3333333333334,71.0
2025-2026,2025-11-08 00:00:00+00:00,Aston Villa,Bournemouth,900,15,2,1,30,5,0.6499999999999999,0.0,3.5,2.0,11.0,21.0,563.0,72.0,2.0,1.5,65.5,18.0,18.5,571.5,54.5,,,,,,,,,,,,,,,,,,,,,,,,,,,,,,,1.6,1.5,36.5,58.0,24.0,19.0,483.0,77.5,1.2,2.0,5.5,16.0,18.5,675.0,66.0
2025-2026,2025-11-08 00:00:00+00:00,Brentford,Newcastle Utd,900,15,17,3,9,5,1.2,1.0,2.0,2.0,28.0,11.0,362.0,59.0,1.2,0.0,22.0,14.0,27.0,746.0,64.0,,,,,,,,,,,,,,,,,,,,,,,,,,,,,,,0.9499999999999998,0.0,55.0,100.0,10.0,23.5,652.5,69.0,0.4500000000000001,0.0,2.0,14.5,14.0,502.5,78.0
2025-2026,2025-11-08 00:00:00+00:00,Chelsea,Wolves,900,15,26,6,23,5,1.85,1.0,3.5,2.5,16.0,21.0,694.0,54.5,0.7499999999999999,0.0,26.5,22.5,13.0,479.5,65.5,,,,,,,,,,,,,,,,,,,,,,,,,,,,,,,0.5,0.0,29.0,100.0,21.0,17.0,450.0,70.0,1.3,1.0,4.0,12.0,20.0,616.0,72.0
2025-2026,2025-11-08 00:00:00+00:00,Crystal Palace,Brighton,900,15,4,7,17,5,1.1,1.0,4.0,0.0,20.0,18.0,505.0,59.0,0.9,1.0,50.0,12.0,26.0,665.0,68.0,,,,,,,,,,,,,,,,,,,,,,,,,,,,,,,2.4,0.0,27.0,100.0,17.0,11.0,649.0,48.0,1.6,2.0,3.0,15.0,12.0,503.0,79.0
2025-2026,2025-11-08 00:00:00+00:00,Everton,Fulham,900,15,9,8,10,5,1.6,2.0,3.0,3.0,15.0,12.0,503.0,79.0,2.4,0.0,27.0,17.0,11.0,649.0,48.0,,,,,,,,,,,,,,,,,,,,,,,,,,,,,,,0.8,0.5,37.5,75.0,22.0,14.5,562.5,72.5,1.7999999999999998,1.5,4.0,19.0,12.0,613.0,58.0
2025-2026,2025-11-08 00:00:00+00:00,Manchester City,Liverpool,900,15,13,15,7,5,1.6,0.0,4.0,3.0,20.0,19.0,689.0,49.0,1.1,2.0,40.0,24.0,11.0,500.0,72.0,,,,,,,,,,,,,,,,,,,,,,,,,,,,,,,0.7,3.0,30.0,25.0,13.0,9.0,584.0,63.0,1.0,2.0,3.0,12.0,25.0,391.0,69.0
2025-2026,2025-11-08 00:00:00+00:00,Nott'ham Forest,Leeds United,900,15,11,19,26,5,1.2500000000000002,1.5,4.0,3.5,15.5,29.5,639.5,56.0,1.9,2.0,36.0,18.0,17.0,528.5,56.5,,,,,,,,,,,,,,,,,,,,,,,,,,,,,,,0.2,0.0,24.0,100.0,18.0,5.0,398.0,44.0,2.7,5.0,4.0,12.0,19.0,750.0,49.0
2025-2026,2025-11-08 00:00:00+00:00,Sunderland,Arsenal,900,15,0,22,22,5,1.1,2.5,3.5,2.5,21.0,17.5,520.5,67.0,0.8999999999999999,0.5,34.0,10.5,21.0,608.0,68.0,,,,,,,,,,,,,,,,,,,,,,,,,,,,,,,0.9000000000000001,0.5,32.5,83.0,16.0,14.0,488.0,67.0,1.0000000000000004,0.5,5.0,16.5,11.0,602.5,78.0
2025-2026,2025-11-08 00:00:00+00:00,Tottenham,Manchester Utd,900,15,16,23,27,5,1.25,1.5,3.5,4.5,14.0,23.5,660.0,61.0,1.200000000000001,0.5,29.0,17.0,16.0,427.5,65.0,,,,,,,,,,,,,,,,,,,,,,,,,,,,,,,1.6,1.0,23.0,100.0,17.0,14.0,553.0,68.0,1.7,1.0,3.0,10.0,33.0,588.0,60.0
2025-2026,2025-11-08 00:00:00+00:00,West Ham,Burnley,900,15,5,25,13,5,0.7,1.0,4.0,2.0,11.0,16.0,543.0,46.0,2.7,5.0,33.0,19.0,15.0,684.0,53.0,,,,,,,,,,,,,,,,,,,,,,,,,,,,,,,1.0499999999999998,1.0,29.0,66.5,13.0,11.5,431.5,69.0,2.95,3.0,5.5,14.0,26.5,661.5,63.5
2025-2026,2025-11-22 00:00:00+00:00,Arsenal,Tottenham,900,15,23,0,6,5,2.7,5.0,4.0,1.0,12.0,19.0,750.0,49.0,0.2,0.0,24.0,18.0,5.0,398.0,44.0,,,,,,,,,,,,,,,,,,,,,,,,,,,,,,,1.1,2.0,40.0,60.0,24.0,11.0,500.0,72.0,1.6,0.0,4.0,20.0,19.0,689.0,49.0
2025-2026,2025-11-22 00:00:00+00:00,Bournemouth,West Ham,900,15,25,2,31,5,1.3,1.0,4.0,1.0,12.0,20.0,616.0,72.0,0.5,0.0,29.0,21.0,17.0,450.0,70.0,,,,,,,,,,,,,,,,,,,,,,,,,,,,,,,1.5000000000000004,1.5,38.5,85.5,14.0,22.0,627.5,63.0,0.7,1.5,4.0,16.5,26.0,587.0,54.0
2025-2026,2025-11-22 00:00:00+00:00,Brighton,Brentford,900,15,3,4,25,5,1.8499999999999999,1.5,4.5,1.5,18.0,9.5,505.0,59.5,1.25,1.0,44.0,15.0,9.5,620.5,59.0,,,,,,,,,,,,,,,,,,,,,,,,,,,,,,,1.2999999999999998,1.0,31.5,83.0,14.5,16.0,509.0,61.5,1.65,2.5,3.5,20.0,21.0,573.0,69.0
2025-2026,2025-11-22 00:00:00+00:00,Burnley,Chelsea,900,15,6,5,28,5,1.0,2.0,2.0,1.0,22.0,15.0,608.0,68.0,0.8,0.0,29.0,18.0,24.0,773.0,60.0,,,,,,,,,,,,,,,,,,,,,,,,,,,,,,,2.7,5.0,33.0,28.0,19.0,15.0,684.0,53.0,0.7,1.0,4.0,11.0,16.0,543.0,46.0
2025-2026,2025-11-22 00:00:00+00:00,Fulham,Sunderland,900,15,22,9,4,5,1.7,1.0,3.0,3.0,10.0,33.0,588.0,60.0,1.6,1.0,23.0,17.0,14.0,553.0,68.0,,,,,,,,,,,,,,,,,,,,,,,,,,,,,,,0.8,0.0,29.0,100.0,18.0,24.0,773.0,60.0,1.0,2.0,2.0,22.0,15.0,608.0,68.0
2025-2026,2025-11-22 00:00:00+00:00,Leeds United,Aston Villa,900,15,1,11,5,5,1.3499999999999999,0.5,1.5,1.5,16.5,21.5,604.0,73.5,0.6500000000000001,0.0,10.0,13.0,16.0,638.5,73.5,,,,,,,,,,,,,,,,,,,,,,,,,,,,,,,1.2,0.0,22.0,100.0,14.0,27.0,746.0,64.0,1.2,1.0,2.0,28.0,11.0,362.0,59.0
2025-2026,2025-11-22 00:00:00+00:00,Liverpool,Nott'ham Forest,900,15,19,13,0,5,1.3500000000000005,2.5,6.5,1.0,13.5,12.0,629.5,71.0,1.1,1.0,43.0,17.0,18.5,501.5,77.5,,,,,,,,,,,,,,,,,,,,,,,,,,,,,,,0.9,1.0,50.0,0.0,12.0,26.0,665.0,68.0,1.1,1.0,4.0,20.0,18.0,505.0,59.0
2025-2026,2025-11-22 00:00:00+00:00,Manchester Utd,Everton,900,15,8,16,15,5,2.5500000000000003,1.5,6.0,1.5,19.0,20.5,649.5,75.5,1.25,1.5,26.0,19.0,10.0,473.5,71.0,,,,,,,,,,,,,,,,,,,,,,,,,,,,,,,1.35,1.5,21.5,62.5,16.0,12.0,561.0,73.0,1.55,1.5,3.0,19.0,21.0,673.0,72.5
2025-2026,2025-11-22 00:00:00+00:00,Newcastle Utd,Manchester City,900,15,15,17,18,5,1.0,2.0,3.0,1.0,12.0,25.0,391.0,69.0,0.7,3.0,30.0,13.0,9.0,584.0,63.0,,,,,,,,,,,,,,,,,,,,,,,,,,,,,,,2.0999999999999996,2.5,44.0,33.0,16.5,12.5,707.5,44.0,1.4000000000000001,1.0,4.5,21.0,14.0,491.0,60.0
2025-2026,2025-11-22 00:00:00+00:00,Wolves,Crystal Palace,900,15,7,26,14,5,0.8500000000000008,1.0,3.5,0.5,24.0,18.0,620.0,68.5,2.1499999999999995,3.5,33.0,17.0,16.5,630.0,59.0,,,,,,,,,,,,,,,,,,,,,,,,,,,,,,,1.6,1.5,21.0,66.5,21.0,11.0,456.5,53.0,1.35,0.0,3.0,12.0,30.0,706.5,59.5
2025-2026,2025-11-29 00:00:00+00:00,Aston Villa,Wolves,900,15,26,1,30,5,1.1,0.0,4.0,1.0,11.0,31.0,681.0,66.0,2.6,3.0,31.0,26.0,11.0,533.0,50.0,,,,,,,,,,,,,,,,,,,,,,,,,,,,,,,,,,,,,,,,,,,,,
2025-2026,2025-11-29 00:00:00+00:00,Brentford,Burnley,900,15,5,3,9,5,,,,,,,,,,,,,,,,,,,,,,,,,,,,,,,,,,,,,,,,,,,,,,1.2,2.0,20.0,33.0,20.0,9.0,483.0,77.0,3.6,3.0,5.0,16.0,26.0,674.0,72.0
2025-2026,2025-11-29 00:00:00+00:00,Chelsea,Arsenal,900,15,0,6,23,5,2.1,2.0,5.0,1.0,19.0,13.0,656.0,56.0,0.9,0.0,42.0,29.0,15.0,579.0,75.0,,,,,,,,,,,,,,,,,,,,,,,,,,,,,,,0.5,0.0,33.0,100.0,14.0,17.0,512.0,69.0,0.5,1.0,3.0,11.0,7.0,580.0,77.0
2025-2026,2025-11-29 00:00:00+00:00,Crystal Palace,Manchester Utd,900,15,16,7,17,5,,,,,,,,,,,,,,,,,,,,,,,,,,,,,,,,,,,,,,,,,,,,,,,,,,,,,,,,,,,,
2025-2026,2025-11-29 00:00:00+00:00,Everton,Newcastle Utd,900,15,17,8,10,5,,,,,,,,,,,,,,,,,,,,,,,,,,,,,,,,,,,,,,,,,,,,,,0.5,0.0,10.0,100.0,10.0,21.0,695.0,79.0,0.7,0.0,1.0,18.0,17.0,560.0,78.0
2025-2026,2025-11-29 00:00:00+00:00,Manchester City,Leeds United,900,15,11,15,7,5,,,,,,,,,,,,,,,,,,,,,,,,,,,,,,,,,,,,,,,,,,,,,,,,,,,,,,,,,,,,
2025-2026,2025-11-29 00:00:00+00:00,Nott'ham Forest,Brighton,900,15,4,19,26,5,0.7,0.0,3.0,5.0,19.0,35.0,707.0,44.0,2.4,3.0,27.0,16.0,18.0,549.0,51.0,,,,,,,,,,,,,,,,,,,,,,,,,,,,,,,,,,,,,,,,,,,,,
2025-2026,2025-11-29 00:00:00+00:00,Sunderland,Bournemouth,900,15,2,22,22,5,1.5,2.0,2.0,2.0,28.0,18.0,574.0,70.0,1.2,1.0,18.0,9.0,16.0,510.0,61.0,,,,,,,,,,,,,,,,,,,,,,,,,,,,,,,1.5,1.0,20.0,83.0,28.0,18.0,475.0,69.0,0.2,0.0,1.0,16.0,20.0,671.0,67.0
2025-2026,2025-11-29 00:00:00+00:00,Tottenham,Fulham,900,15,9,23,27,5,0.2,0.0,1.0,5.0,16.0,20.0,671.0,67.0,1.5,1.0,20.0,28.0,18.0,475.0,69.0,,,,,,,,,,,,,,,,,,,,,,,,,,,,,,,0.9,0.0,42.0,100.0,29.0,15.0,579.0,75.0,2.1,2.0,5.0,19.0,13.0,656.0,56.0
2025-2026,2025-11-29 00:00:00+00:00,West Ham,Liverpool,900,15,13,25,13,5,,,,,,,,,,,,,,,,,,,,,,,,,,,,,,,,,,,,,,,,,,,,,,,,,,,,,,,,,,,,
2025-2026,2025-12-03 00:00:00+00:00,Arsenal,Brentford,1200,20,3,0,6,2,,,,,,,,,,,,,,,,,,,,,,,,,,,,,,,,,,,,,,,,,,,,,,1.2,1.0,18.0,66.0,9.0,16.0,510.0,61.0,1.5,2.0,2.0,28.0,18.0,574.0,70.0
2025-2026,2025-12-03 00:00:00+00:00,Bournemouth,Everton,1200,20,8,2,31,2,,,,,,,,,,,,,,,,,,,,,,,,,,,,,,,,,,,,,,,,,,,,,,1.9,3.0,33.0,25.0,16.0,13.0,540.0,78.0,1.1,2.0,4.0,23.0,16.0,698.0,76.0
2025-2026,2025-12-03 00:00:00+00:00,Brighton,Aston Villa,1200,20,1,4,25,2,2.2,2.0,6.0,2.0,17.0,8.0,440.0,59.0,1.8,1.0,55.0,15.0,5.0,695.0,48.0,,,,,,,,,,,,,,,,,,,,,,,,,,,,,,,,,,,,,,,,,,,,,
2025-2026,2025-12-03 00:00:00+00:00,Burnley,Crystal Palace,1200,20,7,5,28,2,,,,,,,,,,,,,,,,,,,,,,,,,,,,,,,,,,,,,,,,,,,,,,2.6,3.0,31.0,33.0,26.0,11.0,533.0,50.0,1.1,0.0,4.0,11.0,31.0,681.0,66.0
2025-2026,2025-12-03 00:00:00+00:00,Fulham,Manchester City,1200,20,15,9,4,2,,,,,,,,,,,,,,,,,,,,,,,,,,,,,,,,,,,,,,,,,,,,,,1.8,1.0,55.0,66.0,15.0,5.0,695.0,48.0,2.2,2.0,6.0,17.0,8.0,440.0,59.0
2025-2026,2025-12-03 00:00:00+00:00,Leeds United,Chelsea,1200,20,6,11,5,2,0.7,0.0,1.0,2.0,18.0,17.0,560.0,78.0,0.5,0.0,10.0,10.0,21.0,695.0,79.0,,,,,,,,,,,,,,,,,,,,,,,,,,,,,,,,,,,,,,,,,,,,,
2025-2026,2025-12-03 00:00:00+00:00,Liverpool,Sunderland,1200,20,22,13,0,2,0.5,1.0,3.0,1.0,11.0,7.0,580.0,77.0,0.5,0.0,33.0,14.0,17.0,512.0,69.0,,,,,,,,,,,,,,,,,,,,,,,,,,,,,,,,,,,,,,,,,,,,,
2025-2026,2025-12-03 00:00:00+00:00,Manchester Utd,West Ham,1200,20,25,16,15,2,3.6,3.0,5.0,1.0,16.0,26.0,674.0,72.0,1.2,2.0,20.0,20.0,9.0,483.0,77.0,,,,,,,,,,,,,,,,,,,,,,,,,,,,,,,2.4,3.0,27.0,71.0,16.0,18.0,549.0,51.0,0.7,0.0,3.0,19.0,35.0,707.0,44.0
2025-2026,2025-12-03 00:00:00+00:00,Newcastle Utd,Tottenham,1200,20,23,17,18,2,,,,,,,,,,,,,,,,,,,,,,,,,,,,,,,,,,,,,,,,,,,,,,,,,,,,,,,,,,,,
2025-2026,2025-12-03 00:00:00+00:00,Wolves,Nott'ham Forest,1200,20,19,26,14,2,1.1,2.0,4.0,1.0,23.0,16.0,698.0,76.0,1.9,3.0,33.0,16.0,13.0,540.0,78.0,,,,,,,,,,,,,,,,,,,,,,,,,,,,,,,,,,,,,,,,,,,,,
2025-2026,2025-12-06 00:00:00+00:00,Aston Villa,Arsenal,900,15,0,1,30,5,,,,,,,,,,,,,,,,,,,,,,,,,,,,,,,,,,,,,,,,,,,,,,,,,,,,,,,,,,,,
2025-2026,2025-12-06 00:00:00+00:00,Bournemouth,Chelsea,900,15,6,2,31,5,,,,,,,,,,,,,,,,,,,,,,,,,,,,,,,,,,,,,,,,,,,,,,,,,,,,,,,,,,,,
2025-2026,2025-12-06 00:00:00+00:00,Brighton,West Ham,900,15,25,4,25,5,,,,,,,,,,,,,,,,,,,,,,,,,,,,,,,,,,,,,,,,,,,,,,,,,,,,,,,,,,,,
2025-2026,2025-12-06 00:00:00+00:00,Everton,Nott'ham Forest,900,15,19,8,10,5,,,,,,,,,,,,,,,,,,,,,,,,,,,,,,,,,,,,,,,,,,,,,,,,,,,,,,,,,,,,
2025-2026,2025-12-06 00:00:00+00:00,Fulham,Crystal Palace,900,15,7,9,4,5,,,,,,,,,,,,,,,,,,,,,,,,,,,,,,,,,,,,,,,,,,,,,,,,,,,,,,,,,,,,
2025-2026,2025-12-06 00:00:00+00:00,Leeds United,Liverpool,900,15,13,11,5,5,,,,,,,,,,,,,,,,,,,,,,,,,,,,,,,,,,,,,,,,,,,,,,,,,,,,,,,,,,,,
2025-2026,2025-12-06 00:00:00+00:00,Manchester City,Sunderland,900,15,22,15,7,5,,,,,,,,,,,,,,,,,,,,,,,,,,,,,,,,,,,,,,,,,,,,,,,,,,,,,,,,,,,,
2025-2026,2025-12-06 00:00:00+00:00,Newcastle Utd,Burnley,900,15,5,17,18,5,,,,,,,,,,,,,,,,,,,,,,,,,,,,,,,,,,,,,,,,,,,,,,,,,,,,,,,,,,,,
2025-2026,2025-12-06 00:00:00+00:00,Tottenham,Brentford,900,15,3,23,27,5,,,,,,,,,,,,,,,,,,,,,,,,,,,,,,,,,,,,,,,,,,,,,,,,,,,,,,,,,,,,
2025-2026,2025-12-06 00:00:00+00:00,Wolves,Manchester Utd,900,15,16,26,14,5,,,,,,,,,,,,,,,,,,,,,,,,,,,,,,,,,,,,,,,,,,,,,,,,,,,,,,,,,,,,
2025-2026,2025-12-13 00:00:00+00:00,Arsenal,Wolves,900,15,26,0,6,5,,,,,,,,,,,,,,,,,,,,,,,,,,,,,,,,,,,,,,,,,,,,,,,,,,,,,,,,,,,,
2025-2026,2025-12-13 00:00:00+00:00,Brentford,Leeds United,900,15,11,3,9,5,,,,,,,,,,,,,,,,,,,,,,,,,,,,,,,,,,,,,,,,,,,,,,,,,,,,,,,,,,,,
2025-2026,2025-12-13 00:00:00+00:00,Burnley,Fulham,900,15,9,5,28,5,,,,,,,,,,,,,,,,,,,,,,,,,,,,,,,,,,,,,,,,,,,,,,,,,,,,,,,,,,,,
2025-2026,2025-12-13 00:00:00+00:00,Chelsea,Everton,900,15,8,6,23,5,,,,,,,,,,,,,,,,,,,,,,,,,,,,,,,,,,,,,,,,,,,,,,,,,,,,,,,,,,,,
2025-2026,2025-12-13 00:00:00+00:00,Crystal Palace,Manchester City,900,15,15,7,17,5,,,,,,,,,,,,,,,,,,,,,,,,,,,,,,,,,,,,,,,,,,,,,,,,,,,,,,,,,,,,
2025-2026,2025-12-13 00:00:00+00:00,Liverpool,Brighton,900,15,4,13,0,5,,,,,,,,,,,,,,,,,,,,,,,,,,,,,,,,,,,,,,,,,,,,,,,,,,,,,,,,,,,,
2025-2026,2025-12-13 00:00:00+00:00,Manchester Utd,Bournemouth,900,15,2,16,15,5,,,,,,,,,,,,,,,,,,,,,,,,,,,,,,,,,,,,,,,,,,,,,,,,,,,,,,,,,,,,
2025-2026,2025-12-13 00:00:00+00:00,Nott'ham Forest,Tottenham,900,15,23,19,26,5,,,,,,,,,,,,,,,,,,,,,,,,,,,,,,,,,,,,,,,,,,,,,,,,,,,,,,,,,,,,
2025-2026,2025-12-13 00:00:00+00:00,Sunderland,Newcastle Utd,900,15,17,22,22,5,,,,,,,,,,,,,,,,,,,,,,,,,,,,,,,,,,,,,,,,,,,,,,,,,,,,,,,,,,,,
2025-2026,2025-12-13 00:00:00+00:00,West Ham,Aston Villa,900,15,1,25,13,5,,,,,,,,,,,,,,,,,,,,,,,,,,,,,,,,,,,,,,,,,,,,,,,,,,,,,,,,,,,,
2025-2026,2025-12-20 00:00:00+00:00,Aston Villa,Manchester Utd,900,15,16,1,30,5,,,,,,,,,,,,,,,,,,,,,,,,,,,,,,,,,,,,,,,,,,,,,,,,,,,,,,,,,,,,
2025-2026,2025-12-20 00:00:00+00:00,Bournemouth,Burnley,900,15,5,2,31,5,,,,,,,,,,,,,,,,,,,,,,,,,,,,,,,,,,,,,,,,,,,,,,,,,,,,,,,,,,,,
2025-2026,2025-12-20 00:00:00+00:00,Brighton,Sunderland,900,15,22,4,25,5,,,,,,,,,,,,,,,,,,,,,,,,,,,,,,,,,,,,,,,,,,,,,,,,,,,,,,,,,,,,
2025-2026,2025-12-20 00:00:00+00:00,Everton,Arsenal,900,15,0,8,10,5,,,,,,,,,,,,,,,,,,,,,,,,,,,,,,,,,,,,,,,,,,,,,,,,,,,,,,,,,,,,
2025-2026,2025-12-20 00:00:00+00:00,Fulham,Nott'ham Forest,900,15,19,9,4,5,,,,,,,,,,,,,,,,,,,,,,,,,,,,,,,,,,,,,,,,,,,,,,,,,,,,,,,,,,,,
2025-2026,2025-12-20 00:00:00+00:00,Leeds United,Crystal Palace,900,15,7,11,5,5,,,,,,,,,,,,,,,,,,,,,,,,,,,,,,,,,,,,,,,,,,,,,,,,,,,,,,,,,,,,
2025-2026,2025-12-20 00:00:00+00:00,Manchester City,West Ham,900,15,25,15,7,5,,,,,,,,,,,,,,,,,,,,,,,,,,,,,,,,,,,,,,,,,,,,,,,,,,,,,,,,,,,,
2025-2026,2025-12-20 00:00:00+00:00,Newcastle Utd,Chelsea,900,15,6,17,18,5,,,,,,,,,,,,,,,,,,,,,,,,,,,,,,,,,,,,,,,,,,,,,,,,,,,,,,,,,,,,
2025-2026,2025-12-20 00:00:00+00:00,Tottenham,Liverpool,900,15,13,23,27,5,,,,,,,,,,,,,,,,,,,,,,,,,,,,,,,,,,,,,,,,,,,,,,,,,,,,,,,,,,,,
2025-2026,2025-12-20 00:00:00+00:00,Wolves,Brentford,900,15,3,26,14,5,,,,,,,,,,,,,,,,,,,,,,,,,,,,,,,,,,,,,,,,,,,,,,,,,,,,,,,,,,,,
2025-2026,2025-12-27 00:00:00+00:00,Arsenal,Brighton,900,15,4,0,6,5,,,,,,,,,,,,,,,,,,,,,,,,,,,,,,,,,,,,,,,,,,,,,,,,,,,,,,,,,,,,
2025-2026,2025-12-27 00:00:00+00:00,Brentford,Bournemouth,900,15,2,3,9,5,,,,,,,,,,,,,,,,,,,,,,,,,,,,,,,,,,,,,,,,,,,,,,,,,,,,,,,,,,,,
2025-2026,2025-12-27 00:00:00+00:00,Burnley,Everton,900,15,8,5,28,5,,,,,,,,,,,,,,,,,,,,,,,,,,,,,,,,,,,,,,,,,,,,,,,,,,,,,,,,,,,,
2025-2026,2025-12-27 00:00:00+00:00,Chelsea,Aston Villa,900,15,1,6,23,5,,,,,,,,,,,,,,,,,,,,,,,,,,,,,,,,,,,,,,,,,,,,,,,,,,,,,,,,,,,,
2025-2026,2025-12-27 00:00:00+00:00,Crystal Palace,Tottenham,900,15,23,7,17,5,,,,,,,,,,,,,,,,,,,,,,,,,,,,,,,,,,,,,,,,,,,,,,,,,,,,,,,,,,,,
2025-2026,2025-12-27 00:00:00+00:00,Liverpool,Wolves,900,15,26,13,0,5,,,,,,,,,,,,,,,,,,,,,,,,,,,,,,,,,,,,,,,,,,,,,,,,,,,,,,,,,,,,
2025-2026,2025-12-27 00:00:00+00:00,Manchester Utd,Newcastle Utd,900,15,17,16,15,5,,,,,,,,,,,,,,,,,,,,,,,,,,,,,,,,,,,,,,,,,,,,,,,,,,,,,,,,,,,,
2025-2026,2025-12-27 00:00:00+00:00,Nott'ham Forest,Manchester City,900,15,15,19,26,5,,,,,,,,,,,,,,,,,,,,,,,,,,,,,,,,,,,,,,,,,,,,,,,,,,,,,,,,,,,,
2025-2026,2025-12-27 00:00:00+00:00,Sunderland,Leeds United,900,15,11,22,22,5,,,,,,,,,,,,,,,,,,,,,,,,,,,,,,,,,,,,,,,,,,,,,,,,,,,,,,,,,,,,
2025-2026,2025-12-27 00:00:00+00:00,West Ham,Fulham,900,15,9,25,13,5,,,,,,,,,,,,,,,,,,,,,,,,,,,,,,,,,,,,,,,,,,,,,,,,,,,,,,,,,,,,
2025-2026,2025-12-30 00:00:00+00:00,Arsenal,Aston Villa,1200,20,1,0,6,1,,,,,,,,,,,,,,,,,,,,,,,,,,,,,,,,,,,,,,,,,,,,,,,,,,,,,,,,,,,,
2025-2026,2025-12-30 00:00:00+00:00,Brentford,Tottenham,1200,20,23,3,9,1,,,,,,,,,,,,,,,,,,,,,,,,,,,,,,,,,,,,,,,,,,,,,,,,,,,,,,,,,,,,
2025-2026,2025-12-30 00:00:00+00:00,Burnley,Newcastle Utd,1200,20,17,5,28,1,,,,,,,,,,,,,,,,,,,,,,,,,,,,,,,,,,,,,,,,,,,,,,,,,,,,,,,,,,,,
2025-2026,2025-12-30 00:00:00+00:00,Chelsea,Bournemouth,1200,20,2,6,23,1,,,,,,,,,,,,,,,,,,,,,,,,,,,,,,,,,,,,,,,,,,,,,,,,,,,,,,,,,,,,
2025-2026,2025-12-30 00:00:00+00:00,Crystal Palace,Fulham,1200,20,9,7,17,1,,,,,,,,,,,,,,,,,,,,,,,,,,,,,,,,,,,,,,,,,,,,,,,,,,,,,,,,,,,,
2025-2026,2025-12-30 00:00:00+00:00,Liverpool,Leeds United,1200,20,11,13,0,1,,,,,,,,,,,,,,,,,,,,,,,,,,,,,,,,,,,,,,,,,,,,,,,,,,,,,,,,,,,,
2025-2026,2025-12-30 00:00:00+00:00,Manchester Utd,Wolves,1200,20,26,16,15,1,,,,,,,,,,,,,,,,,,,,,,,,,,,,,,,,,,,,,,,,,,,,,,,,,,,,,,,,,,,,
2025-2026,2025-12-30 00:00:00+00:00,Nott'ham Forest,Everton,1200,20,8,19,26,1,,,,,,,,,,,,,,,,,,,,,,,,,,,,,,,,,,,,,,,,,,,,,,,,,,,,,,,,,,,,
2025-2026,2025-12-30 00:00:00+00:00,Sunderland,Manchester City,1200,20,15,22,22,1,,,,,,,,,,,,,,,,,,,,,,,,,,,,,,,,,,,,,,,,,,,,,,,,,,,,,,,,,,,,
2025-2026,2025-12-30 00:00:00+00:00,West Ham,Brighton,1200,20,4,25,13,1,,,,,,,,,,,,,,,,,,,,,,,,,,,,,,,,,,,,,,,,,,,,,,,,,,,,,,,,,,,,
2025-2026,2026-01-03 00:00:00+00:00,Aston Villa,Nott'ham Forest,900,15,19,1,30,5,,,,,,,,,,,,,,,,,,,,,,,,,,,,,,,,,,,,,,,,,,,,,,,,,,,,,,,,,,,,
2025-2026,2026-01-03 00:00:00+00:00,Bournemouth,Arsenal,900,15,0,2,31,5,,,,,,,,,,,,,,,,,,,,,,,,,,,,,,,,,,,,,,,,,,,,,,,,,,,,,,,,,,,,
2025-2026,2026-01-03 00:00:00+00:00,Brighton,Burnley,900,15,5,4,25,5,,,,,,,,,,,,,,,,,,,,,,,,,,,,,,,,,,,,,,,,,,,,,,,,,,,,,,,,,,,,
2025-2026,2026-01-03 00:00:00+00:00,Everton,Brentford,900,15,3,8,10,5,,,,,,,,,,,,,,,,,,,,,,,,,,,,,,,,,,,,,,,,,,,,,,,,,,,,,,,,,,,,
2025-2026,2026-01-03 00:00:00+00:00,Fulham,Liverpool,900,15,13,9,4,5,,,,,,,,,,,,,,,,,,,,,,,,,,,,,,,,,,,,,,,,,,,,,,,,,,,,,,,,,,,,
2025-2026,2026-01-03 00:00:00+00:00,Leeds United,Manchester Utd,900,15,16,11,5,5,,,,,,,,,,,,,,,,,,,,,,,,,,,,,,,,,,,,,,,,,,,,,,,,,,,,,,,,,,,,
2025-2026,2026-01-03 00:00:00+00:00,Manchester City,Chelsea,900,15,6,15,7,5,,,,,,,,,,,,,,,,,,,,,,,,,,,,,,,,,,,,,,,,,,,,,,,,,,,,,,,,,,,,
2025-2026,2026-01-03 00:00:00+00:00,Newcastle Utd,Crystal Palace,900,15,7,17,18,5,,,,,,,,,,,,,,,,,,,,,,,,,,,,,,,,,,,,,,,,,,,,,,,,,,,,,,,,,,,,
2025-2026,2026-01-03 00:00:00+00:00,Tottenham,Sunderland,900,15,22,23,27,5,,,,,,,,,,,,,,,,,,,,,,,,,,,,,,,,,,,,,,,,,,,,,,,,,,,,,,,,,,,,
2025-2026,2026-01-03 00:00:00+00:00,Wolves,West Ham,900,15,25,26,14,5,,,,,,,,,,,,,,,,,,,,,,,,,,,,,,,,,,,,,,,,,,,,,,,,,,,,,,,,,,,,
2025-2026,2026-01-07 00:00:00+00:00,Arsenal,Liverpool,1200,20,13,0,6,2,,,,,,,,,,,,,,,,,,,,,,,,,,,,,,,,,,,,,,,,,,,,,,,,,,,,,,,,,,,,
2025-2026,2026-01-07 00:00:00+00:00,Bournemouth,Tottenham,1200,20,23,2,31,2,,,,,,,,,,,,,,,,,,,,,,,,,,,,,,,,,,,,,,,,,,,,,,,,,,,,,,,,,,,,
2025-2026,2026-01-07 00:00:00+00:00,Brentford,Sunderland,1200,20,22,3,9,2,,,,,,,,,,,,,,,,,,,,,,,,,,,,,,,,,,,,,,,,,,,,,,,,,,,,,,,,,,,,
2025-2026,2026-01-07 00:00:00+00:00,Burnley,Manchester Utd,1200,20,16,5,28,2,,,,,,,,,,,,,,,,,,,,,,,,,,,,,,,,,,,,,,,,,,,,,,,,,,,,,,,,,,,,
2025-2026,2026-01-07 00:00:00+00:00,Crystal Palace,Aston Villa,1200,20,1,7,17,2,,,,,,,,,,,,,,,,,,,,,,,,,,,,,,,,,,,,,,,,,,,,,,,,,,,,,,,,,,,,
2025-2026,2026-01-07 00:00:00+00:00,Everton,Wolves,1200,20,26,8,10,2,,,,,,,,,,,,,,,,,,,,,,,,,,,,,,,,,,,,,,,,,,,,,,,,,,,,,,,,,,,,
2025-2026,2026-01-07 00:00:00+00:00,Fulham,Chelsea,1200,20,6,9,4,2,,,,,,,,,,,,,,,,,,,,,,,,,,,,,,,,,,,,,,,,,,,,,,,,,,,,,,,,,,,,
2025-2026,2026-01-07 00:00:00+00:00,Manchester City,Brighton,1200,20,4,15,7,2,,,,,,,,,,,,,,,,,,,,,,,,,,,,,,,,,,,,,,,,,,,,,,,,,,,,,,,,,,,,
2025-2026,2026-01-07 00:00:00+00:00,Newcastle Utd,Leeds United,1200,20,11,17,18,2,,,,,,,,,,,,,,,,,,,,,,,,,,,,,,,,,,,,,,,,,,,,,,,,,,,,,,,,,,,,
2025-2026,2026-01-07 00:00:00+00:00,West Ham,Nott'ham Forest,1200,20,19,25,13,2,,,,,,,,,,,,,,,,,,,,,,,,,,,,,,,,,,,,,,,,,,,,,,,,,,,,,,,,,,,,
2025-2026,2026-01-17 00:00:00+00:00,Aston Villa,Everton,900,15,8,1,30,5,,,,,,,,,,,,,,,,,,,,,,,,,,,,,,,,,,,,,,,,,,,,,,,,,,,,,,,,,,,,
2025-2026,2026-01-17 00:00:00+00:00,Brighton,Bournemouth,900,15,2,4,25,5,,,,,,,,,,,,,,,,,,,,,,,,,,,,,,,,,,,,,,,,,,,,,,,,,,,,,,,,,,,,
2025-2026,2026-01-17 00:00:00+00:00,Chelsea,Brentford,900,15,3,6,23,5,,,,,,,,,,,,,,,,,,,,,,,,,,,,,,,,,,,,,,,,,,,,,,,,,,,,,,,,,,,,
2025-2026,2026-01-17 00:00:00+00:00,Leeds United,Fulham,900,15,9,11,5,5,,,,,,,,,,,,,,,,,,,,,,,,,,,,,,,,,,,,,,,,,,,,,,,,,,,,,,,,,,,,
2025-2026,2026-01-17 00:00:00+00:00,Liverpool,Burnley,900,15,5,13,0,5,,,,,,,,,,,,,,,,,,,,,,,,,,,,,,,,,,,,,,,,,,,,,,,,,,,,,,,,,,,,
2025-2026,2026-01-17 00:00:00+00:00,Manchester Utd,Manchester City,900,15,15,16,15,5,,,,,,,,,,,,,,,,,,,,,,,,,,,,,,,,,,,,,,,,,,,,,,,,,,,,,,,,,,,,
2025-2026,2026-01-17 00:00:00+00:00,Nott'ham Forest,Arsenal,900,15,0,19,26,5,,,,,,,,,,,,,,,,,,,,,,,,,,,,,,,,,,,,,,,,,,,,,,,,,,,,,,,,,,,,
2025-2026,2026-01-17 00:00:00+00:00,Sunderland,Crystal Palace,900,15,7,22,22,5,,,,,,,,,,,,,,,,,,,,,,,,,,,,,,,,,,,,,,,,,,,,,,,,,,,,,,,,,,,,
2025-2026,2026-01-17 00:00:00+00:00,Tottenham,West Ham,900,15,25,23,27,5,,,,,,,,,,,,,,,,,,,,,,,,,,,,,,,,,,,,,,,,,,,,,,,,,,,,,,,,,,,,
2025-2026,2026-01-17 00:00:00+00:00,Wolves,Newcastle Utd,900,15,17,26,14,5,,,,,,,,,,,,,,,,,,,,,,,,,,,,,,,,,,,,,,,,,,,,,,,,,,,,,,,,,,,,
2025-2026,2026-01-24 00:00:00+00:00,Arsenal,Manchester Utd,900,15,16,0,6,5,,,,,,,,,,,,,,,,,,,,,,,,,,,,,,,,,,,,,,,,,,,,,,,,,,,,,,,,,,,,
2025-2026,2026-01-24 00:00:00+00:00,Bournemouth,Liverpool,900,15,13,2,31,5,,,,,,,,,,,,,,,,,,,,,,,,,,,,,,,,,,,,,,,,,,,,,,,,,,,,,,,,,,,,
2025-2026,2026-01-24 00:00:00+00:00,Brentford,Nott'ham Forest,900,15,19,3,9,5,,,,,,,,,,,,,,,,,,,,,,,,,,,,,,,,,,,,,,,,,,,,,,,,,,,,,,,,,,,,
2025-2026,2026-01-24 00:00:00+00:00,Burnley,Tottenham,900,15,23,5,28,5,,,,,,,,,,,,,,,,,,,,,,,,,,,,,,,,,,,,,,,,,,,,,,,,,,,,,,,,,,,,
2025-2026,2026-01-24 00:00:00+00:00,Crystal Palace,Chelsea,900,15,6,7,17,5,,,,,,,,,,,,,,,,,,,,,,,,,,,,,,,,,,,,,,,,,,,,,,,,,,,,,,,,,,,,
2025-2026,2026-01-24 00:00:00+00:00,Everton,Leeds United,900,15,11,8,10,5,,,,,,,,,,,,,,,,,,,,,,,,,,,,,,,,,,,,,,,,,,,,,,,,,,,,,,,,,,,,
2025-2026,2026-01-24 00:00:00+00:00,Fulham,Brighton,900,15,4,9,4,5,,,,,,,,,,,,,,,,,,,,,,,,,,,,,,,,,,,,,,,,,,,,,,,,,,,,,,,,,,,,
2025-2026,2026-01-24 00:00:00+00:00,Manchester City,Wolves,900,15,26,15,7,5,,,,,,,,,,,,,,,,,,,,,,,,,,,,,,,,,,,,,,,,,,,,,,,,,,,,,,,,,,,,
2025-2026,2026-01-24 00:00:00+00:00,Newcastle Utd,Aston Villa,900,15,1,17,18,5,,,,,,,,,,,,,,,,,,,,,,,,,,,,,,,,,,,,,,,,,,,,,,,,,,,,,,,,,,,,
2025-2026,2026-01-24 00:00:00+00:00,West Ham,Sunderland,900,15,22,25,13,5,,,,,,,,,,,,,,,,,,,,,,,,,,,,,,,,,,,,,,,,,,,,,,,,,,,,,,,,,,,,
2025-2026,2026-01-31 00:00:00+00:00,Aston Villa,Brentford,900,15,3,1,30,5,,,,,,,,,,,,,,,,,,,,,,,,,,,,,,,,,,,,,,,,,,,,,,,,,,,,,,,,,,,,
2025-2026,2026-01-31 00:00:00+00:00,Brighton,Everton,900,15,8,4,25,5,,,,,,,,,,,,,,,,,,,,,,,,,,,,,,,,,,,,,,,,,,,,,,,,,,,,,,,,,,,,
2025-2026,2026-01-31 00:00:00+00:00,Chelsea,West Ham,900,15,25,6,23,5,,,,,,,,,,,,,,,,,,,,,,,,,,,,,,,,,,,,,,,,,,,,,,,,,,,,,,,,,,,,
2025-2026,2026-01-31 00:00:00+00:00,Leeds United,Arsenal,900,15,0,11,5,5,,,,,,,,,,,,,,,,,,,,,,,,,,,,,,,,,,,,,,,,,,,,,,,,,,,,,,,,,,,,
2025-2026,2026-01-31 00:00:00+00:00,Liverpool,Newcastle Utd,900,15,17,13,0,5,,,,,,,,,,,,,,,,,,,,,,,,,,,,,,,,,,,,,,,,,,,,,,,,,,,,,,,,,,,,
2025-2026,2026-01-31 00:00:00+00:00,Manchester Utd,Fulham,900,15,9,16,15,5,,,,,,,,,,,,,,,,,,,,,,,,,,,,,,,,,,,,,,,,,,,,,,,,,,,,,,,,,,,,
2025-2026,2026-01-31 00:00:00+00:00,Nott'ham Forest,Crystal Palace,900,15,7,19,26,5,,,,,,,,,,,,,,,,,,,,,,,,,,,,,,,,,,,,,,,,,,,,,,,,,,,,,,,,,,,,
2025-2026,2026-01-31 00:00:00+00:00,Sunderland,Burnley,900,15,5,22,22,5,,,,,,,,,,,,,,,,,,,,,,,,,,,,,,,,,,,,,,,,,,,,,,,,,,,,,,,,,,,,
2025-2026,2026-01-31 00:00:00+00:00,Tottenham,Manchester City,900,15,15,23,27,5,,,,,,,,,,,,,,,,,,,,,,,,,,,,,,,,,,,,,,,,,,,,,,,,,,,,,,,,,,,,
2025-2026,2026-01-31 00:00:00+00:00,Wolves,Bournemouth,900,15,2,26,14,5,,,,,,,,,,,,,,,,,,,,,,,,,,,,,,,,,,,,,,,,,,,,,,,,,,,,,,,,,,,,
2025-2026,2026-02-07 00:00:00+00:00,Arsenal,Sunderland,900,15,22,0,6,5,,,,,,,,,,,,,,,,,,,,,,,,,,,,,,,,,,,,,,,,,,,,,,,,,,,,,,,,,,,,
2025-2026,2026-02-07 00:00:00+00:00,Bournemouth,Aston Villa,900,15,1,2,31,5,,,,,,,,,,,,,,,,,,,,,,,,,,,,,,,,,,,,,,,,,,,,,,,,,,,,,,,,,,,,
2025-2026,2026-02-07 00:00:00+00:00,Brighton,Crystal Palace,900,15,7,4,25,5,,,,,,,,,,,,,,,,,,,,,,,,,,,,,,,,,,,,,,,,,,,,,,,,,,,,,,,,,,,,
2025-2026,2026-02-07 00:00:00+00:00,Burnley,West Ham,900,15,25,5,28,5,,,,,,,,,,,,,,,,,,,,,,,,,,,,,,,,,,,,,,,,,,,,,,,,,,,,,,,,,,,,
2025-2026,2026-02-07 00:00:00+00:00,Fulham,Everton,900,15,8,9,4,5,,,,,,,,,,,,,,,,,,,,,,,,,,,,,,,,,,,,,,,,,,,,,,,,,,,,,,,,,,,,
2025-2026,2026-02-07 00:00:00+00:00,Leeds United,Nott'ham Forest,900,15,19,11,5,5,,,,,,,,,,,,,,,,,,,,,,,,,,,,,,,,,,,,,,,,,,,,,,,,,,,,,,,,,,,,
2025-2026,2026-02-07 00:00:00+00:00,Liverpool,Manchester City,900,15,15,13,0,5,,,,,,,,,,,,,,,,,,,,,,,,,,,,,,,,,,,,,,,,,,,,,,,,,,,,,,,,,,,,
2025-2026,2026-02-07 00:00:00+00:00,Manchester Utd,Tottenham,900,15,23,16,15,5,,,,,,,,,,,,,,,,,,,,,,,,,,,,,,,,,,,,,,,,,,,,,,,,,,,,,,,,,,,,
2025-2026,2026-02-07 00:00:00+00:00,Newcastle Utd,Brentford,900,15,3,17,18,5,,,,,,,,,,,,,,,,,,,,,,,,,,,,,,,,,,,,,,,,,,,,,,,,,,,,,,,,,,,,
2025-2026,2026-02-07 00:00:00+00:00,Wolves,Chelsea,900,15,6,26,14,5,,,,,,,,,,,,,,,,,,,,,,,,,,,,,,,,,,,,,,,,,,,,,,,,,,,,,,,,,,,,
2025-2026,2026-02-11 00:00:00+00:00,Aston Villa,Brighton,1200,20,4,1,30,2,,,,,,,,,,,,,,,,,,,,,,,,,,,,,,,,,,,,,,,,,,,,,,,,,,,,,,,,,,,,
2025-2026,2026-02-11 00:00:00+00:00,Brentford,Arsenal,1200,20,0,3,9,2,,,,,,,,,,,,,,,,,,,,,,,,,,,,,,,,,,,,,,,,,,,,,,,,,,,,,,,,,,,,
2025-2026,2026-02-11 00:00:00+00:00,Chelsea,Leeds United,1200,20,11,6,23,2,,,,,,,,,,,,,,,,,,,,,,,,,,,,,,,,,,,,,,,,,,,,,,,,,,,,,,,,,,,,
2025-2026,2026-02-11 00:00:00+00:00,Crystal Palace,Burnley,1200,20,5,7,17,2,,,,,,,,,,,,,,,,,,,,,,,,,,,,,,,,,,,,,,,,,,,,,,,,,,,,,,,,,,,,
2025-2026,2026-02-11 00:00:00+00:00,Everton,Bournemouth,1200,20,2,8,10,2,,,,,,,,,,,,,,,,,,,,,,,,,,,,,,,,,,,,,,,,,,,,,,,,,,,,,,,,,,,,
2025-2026,2026-02-11 00:00:00+00:00,Manchester City,Fulham,1200,20,9,15,7,2,,,,,,,,,,,,,,,,,,,,,,,,,,,,,,,,,,,,,,,,,,,,,,,,,,,,,,,,,,,,
2025-2026,2026-02-11 00:00:00+00:00,Nott'ham Forest,Wolves,1200,20,26,19,26,2,,,,,,,,,,,,,,,,,,,,,,,,,,,,,,,,,,,,,,,,,,,,,,,,,,,,,,,,,,,,
2025-2026,2026-02-11 00:00:00+00:00,Sunderland,Liverpool,1200,20,13,22,22,2,,,,,,,,,,,,,,,,,,,,,,,,,,,,,,,,,,,,,,,,,,,,,,,,,,,,,,,,,,,,
2025-2026,2026-02-11 00:00:00+00:00,Tottenham,Newcastle Utd,1200,20,17,23,27,2,,,,,,,,,,,,,,,,,,,,,,,,,,,,,,,,,,,,,,,,,,,,,,,,,,,,,,,,,,,,
2025-2026,2026-02-11 00:00:00+00:00,West Ham,Manchester Utd,1200,20,16,25,13,2,,,,,,,,,,,,,,,,,,,,,,,,,,,,,,,,,,,,,,,,,,,,,,,,,,,,,,,,,,,,
2025-2026,2026-02-21 00:00:00+00:00,Aston Villa,Leeds United,900,15,11,1,30,5,,,,,,,,,,,,,,,,,,,,,,,,,,,,,,,,,,,,,,,,,,,,,,,,,,,,,,,,,,,,
2025-2026,2026-02-21 00:00:00+00:00,Brentford,Brighton,900,15,4,3,9,5,,,,,,,,,,,,,,,,,,,,,,,,,,,,,,,,,,,,,,,,,,,,,,,,,,,,,,,,,,,,
2025-2026,2026-02-21 00:00:00+00:00,Chelsea,Burnley,900,15,5,6,23,5,,,,,,,,,,,,,,,,,,,,,,,,,,,,,,,,,,,,,,,,,,,,,,,,,,,,,,,,,,,,
2025-2026,2026-02-21 00:00:00+00:00,Crystal Palace,Wolves,900,15,26,7,17,5,,,,,,,,,,,,,,,,,,,,,,,,,,,,,,,,,,,,,,,,,,,,,,,,,,,,,,,,,,,,
2025-2026,2026-02-21 00:00:00+00:00,Everton,Manchester Utd,900,15,16,8,10,5,,,,,,,,,,,,,,,,,,,,,,,,,,,,,,,,,,,,,,,,,,,,,,,,,,,,,,,,,,,,
2025-2026,2026-02-21 00:00:00+00:00,Manchester City,Newcastle Utd,900,15,17,15,7,5,,,,,,,,,,,,,,,,,,,,,,,,,,,,,,,,,,,,,,,,,,,,,,,,,,,,,,,,,,,,
2025-2026,2026-02-21 00:00:00+00:00,Nott'ham Forest,Liverpool,900,15,13,19,26,5,,,,,,,,,,,,,,,,,,,,,,,,,,,,,,,,,,,,,,,,,,,,,,,,,,,,,,,,,,,,
2025-2026,2026-02-21 00:00:00+00:00,Sunderland,Fulham,900,15,9,22,22,5,,,,,,,,,,,,,,,,,,,,,,,,,,,,,,,,,,,,,,,,,,,,,,,,,,,,,,,,,,,,
2025-2026,2026-02-21 00:00:00+00:00,Tottenham,Arsenal,900,15,0,23,27,5,,,,,,,,,,,,,,,,,,,,,,,,,,,,,,,,,,,,,,,,,,,,,,,,,,,,,,,,,,,,
2025-2026,2026-02-21 00:00:00+00:00,West Ham,Bournemouth,900,15,2,25,13,5,,,,,,,,,,,,,,,,,,,,,,,,,,,,,,,,,,,,,,,,,,,,,,,,,,,,,,,,,,,,
2025-2026,2026-02-28 00:00:00+00:00,Arsenal,Chelsea,900,15,6,0,6,5,,,,,,,,,,,,,,,,,,,,,,,,,,,,,,,,,,,,,,,,,,,,,,,,,,,,,,,,,,,,
2025-2026,2026-02-28 00:00:00+00:00,Bournemouth,Sunderland,900,15,22,2,31,5,,,,,,,,,,,,,,,,,,,,,,,,,,,,,,,,,,,,,,,,,,,,,,,,,,,,,,,,,,,,
2025-2026,2026-02-28 00:00:00+00:00,Brighton,Nott'ham Forest,900,15,19,4,25,5,,,,,,,,,,,,,,,,,,,,,,,,,,,,,,,,,,,,,,,,,,,,,,,,,,,,,,,,,,,,
2025-2026,2026-02-28 00:00:00+00:00,Burnley,Brentford,900,15,3,5,28,5,,,,,,,,,,,,,,,,,,,,,,,,,,,,,,,,,,,,,,,,,,,,,,,,,,,,,,,,,,,,
2025-2026,2026-02-28 00:00:00+00:00,Fulham,Tottenham,900,15,23,9,4,5,,,,,,,,,,,,,,,,,,,,,,,,,,,,,,,,,,,,,,,,,,,,,,,,,,,,,,,,,,,,
2025-2026,2026-02-28 00:00:00+00:00,Leeds United,Manchester City,900,15,15,11,5,5,,,,,,,,,,,,,,,,,,,,,,,,,,,,,,,,,,,,,,,,,,,,,,,,,,,,,,,,,,,,
2025-2026,2026-02-28 00:00:00+00:00,Liverpool,West Ham,900,15,25,13,0,5,,,,,,,,,,,,,,,,,,,,,,,,,,,,,,,,,,,,,,,,,,,,,,,,,,,,,,,,,,,,
2025-2026,2026-02-28 00:00:00+00:00,Manchester Utd,Crystal Palace,900,15,7,16,15,5,,,,,,,,,,,,,,,,,,,,,,,,,,,,,,,,,,,,,,,,,,,,,,,,,,,,,,,,,,,,
2025-2026,2026-02-28 00:00:00+00:00,Newcastle Utd,Everton,900,15,8,17,18,5,,,,,,,,,,,,,,,,,,,,,,,,,,,,,,,,,,,,,,,,,,,,,,,,,,,,,,,,,,,,
2025-2026,2026-02-28 00:00:00+00:00,Wolves,Aston Villa,900,15,1,26,14,5,,,,,,,,,,,,,,,,,,,,,,,,,,,,,,,,,,,,,,,,,,,,,,,,,,,,,,,,,,,,
2025-2026,2026-03-04 00:00:00+00:00,Aston Villa,Chelsea,1200,20,6,1,30,2,,,,,,,,,,,,,,,,,,,,,,,,,,,,,,,,,,,,,,,,,,,,,,,,,,,,,,,,,,,,
2025-2026,2026-03-04 00:00:00+00:00,Bournemouth,Brentford,1200,20,3,2,31,2,,,,,,,,,,,,,,,,,,,,,,,,,,,,,,,,,,,,,,,,,,,,,,,,,,,,,,,,,,,,
2025-2026,2026-03-04 00:00:00+00:00,Brighton,Arsenal,1200,20,0,4,25,2,,,,,,,,,,,,,,,,,,,,,,,,,,,,,,,,,,,,,,,,,,,,,,,,,,,,,,,,,,,,
2025-2026,2026-03-04 00:00:00+00:00,Everton,Burnley,1200,20,5,8,10,2,,,,,,,,,,,,,,,,,,,,,,,,,,,,,,,,,,,,,,,,,,,,,,,,,,,,,,,,,,,,
2025-2026,2026-03-04 00:00:00+00:00,Fulham,West Ham,1200,20,25,9,4,2,,,,,,,,,,,,,,,,,,,,,,,,,,,,,,,,,,,,,,,,,,,,,,,,,,,,,,,,,,,,
2025-2026,2026-03-04 00:00:00+00:00,Leeds United,Sunderland,1200,20,22,11,5,2,,,,,,,,,,,,,,,,,,,,,,,,,,,,,,,,,,,,,,,,,,,,,,,,,,,,,,,,,,,,
2025-2026,2026-03-04 00:00:00+00:00,Manchester City,Nott'ham Forest,1200,20,19,15,7,2,,,,,,,,,,,,,,,,,,,,,,,,,,,,,,,,,,,,,,,,,,,,,,,,,,,,,,,,,,,,
2025-2026,2026-03-04 00:00:00+00:00,Newcastle Utd,Manchester Utd,1200,20,16,17,18,2,,,,,,,,,,,,,,,,,,,,,,,,,,,,,,,,,,,,,,,,,,,,,,,,,,,,,,,,,,,,
2025-2026,2026-03-04 00:00:00+00:00,Tottenham,Crystal Palace,1200,20,7,23,27,2,,,,,,,,,,,,,,,,,,,,,,,,,,,,,,,,,,,,,,,,,,,,,,,,,,,,,,,,,,,,
2025-2026,2026-03-04 00:00:00+00:00,Wolves,Liverpool,1200,20,13,26,14,2,,,,,,,,,,,,,,,,,,,,,,,,,,,,,,,,,,,,,,,,,,,,,,,,,,,,,,,,,,,,
2025-2026,2026-03-14 00:00:00+00:00,Arsenal,Everton,900,15,8,0,6,5,,,,,,,,,,,,,,,,,,,,,,,,,,,,,,,,,,,,,,,,,,,,,,,,,,,,,,,,,,,,
2025-2026,2026-03-14 00:00:00+00:00,Brentford,Wolves,900,15,26,3,9,5,,,,,,,,,,,,,,,,,,,,,,,,,,,,,,,,,,,,,,,,,,,,,,,,,,,,,,,,,,,,
2025-2026,2026-03-14 00:00:00+00:00,Burnley,Bournemouth,900,15,2,5,28,5,,,,,,,,,,,,,,,,,,,,,,,,,,,,,,,,,,,,,,,,,,,,,,,,,,,,,,,,,,,,
2025-2026,2026-03-14 00:00:00+00:00,Chelsea,Newcastle Utd,900,15,17,6,23,5,,,,,,,,,,,,,,,,,,,,,,,,,,,,,,,,,,,,,,,,,,,,,,,,,,,,,,,,,,,,
2025-2026,2026-03-14 00:00:00+00:00,Crystal Palace,Leeds United,900,15,11,7,17,5,,,,,,,,,,,,,,,,,,,,,,,,,,,,,,,,,,,,,,,,,,,,,,,,,,,,,,,,,,,,
2025-2026,2026-03-14 00:00:00+00:00,Liverpool,Tottenham,900,15,23,13,0,5,,,,,,,,,,,,,,,,,,,,,,,,,,,,,,,,,,,,,,,,,,,,,,,,,,,,,,,,,,,,
2025-2026,2026-03-14 00:00:00+00:00,Manchester Utd,Aston Villa,900,15,1,16,15,5,,,,,,,,,,,,,,,,,,,,,,,,,,,,,,,,,,,,,,,,,,,,,,,,,,,,,,,,,,,,
2025-2026,2026-03-14 00:00:00+00:00,Nott'ham Forest,Fulham,900,15,9,19,26,5,,,,,,,,,,,,,,,,,,,,,,,,,,,,,,,,,,,,,,,,,,,,,,,,,,,,,,,,,,,,
2025-2026,2026-03-14 00:00:00+00:00,Sunderland,Brighton,900,15,4,22,22,5,,,,,,,,,,,,,,,,,,,,,,,,,,,,,,,,,,,,,,,,,,,,,,,,,,,,,,,,,,,,
2025-2026,2026-03-14 00:00:00+00:00,West Ham,Manchester City,900,15,15,25,13,5,,,,,,,,,,,,,,,,,,,,,,,,,,,,,,,,,,,,,,,,,,,,,,,,,,,,,,,,,,,,
2025-2026,2026-03-21 00:00:00+00:00,Aston Villa,West Ham,900,15,25,1,30,5,,,,,,,,,,,,,,,,,,,,,,,,,,,,,,,,,,,,,,,,,,,,,,,,,,,,,,,,,,,,
2025-2026,2026-03-21 00:00:00+00:00,Bournemouth,Manchester Utd,900,15,16,2,31,5,,,,,,,,,,,,,,,,,,,,,,,,,,,,,,,,,,,,,,,,,,,,,,,,,,,,,,,,,,,,
2025-2026,2026-03-21 00:00:00+00:00,Brighton,Liverpool,900,15,13,4,25,5,,,,,,,,,,,,,,,,,,,,,,,,,,,,,,,,,,,,,,,,,,,,,,,,,,,,,,,,,,,,
2025-2026,2026-03-21 00:00:00+00:00,Everton,Chelsea,900,15,6,8,10,5,,,,,,,,,,,,,,,,,,,,,,,,,,,,,,,,,,,,,,,,,,,,,,,,,,,,,,,,,,,,
2025-2026,2026-03-21 00:00:00+00:00,Fulham,Burnley,900,15,5,9,4,5,,,,,,,,,,,,,,,,,,,,,,,,,,,,,,,,,,,,,,,,,,,,,,,,,,,,,,,,,,,,
2025-2026,2026-03-21 00:00:00+00:00,Leeds United,Brentford,900,15,3,11,5,5,,,,,,,,,,,,,,,,,,,,,,,,,,,,,,,,,,,,,,,,,,,,,,,,,,,,,,,,,,,,
2025-2026,2026-03-21 00:00:00+00:00,Manchester City,Crystal Palace,900,15,7,15,7,5,,,,,,,,,,,,,,,,,,,,,,,,,,,,,,,,,,,,,,,,,,,,,,,,,,,,,,,,,,,,
2025-2026,2026-03-21 00:00:00+00:00,Newcastle Utd,Sunderland,900,15,22,17,18,5,,,,,,,,,,,,,,,,,,,,,,,,,,,,,,,,,,,,,,,,,,,,,,,,,,,,,,,,,,,,
2025-2026,2026-03-21 00:00:00+00:00,Tottenham,Nott'ham Forest,900,15,19,23,27,5,,,,,,,,,,,,,,,,,,,,,,,,,,,,,,,,,,,,,,,,,,,,,,,,,,,,,,,,,,,,
2025-2026,2026-03-21 00:00:00+00:00,Wolves,Arsenal,900,15,0,26,14,5,,,,,,,,,,,,,,,,,,,,,,,,,,,,,,,,,,,,,,,,,,,,,,,,,,,,,,,,,,,,
2025-2026,2026-04-11 00:00:00+00:00,Arsenal,Bournemouth,900,15,2,0,6,5,,,,,,,,,,,,,,,,,,,,,,,,,,,,,,,,,,,,,,,,,,,,,,,,,,,,,,,,,,,,
2025-2026,2026-04-11 00:00:00+00:00,Brentford,Everton,900,15,8,3,9,5,,,,,,,,,,,,,,,,,,,,,,,,,,,,,,,,,,,,,,,,,,,,,,,,,,,,,,,,,,,,
2025-2026,2026-04-11 00:00:00+00:00,Burnley,Brighton,900,15,4,5,28,5,,,,,,,,,,,,,,,,,,,,,,,,,,,,,,,,,,,,,,,,,,,,,,,,,,,,,,,,,,,,
2025-2026,2026-04-11 00:00:00+00:00,Chelsea,Manchester City,900,15,15,6,23,5,,,,,,,,,,,,,,,,,,,,,,,,,,,,,,,,,,,,,,,,,,,,,,,,,,,,,,,,,,,,
2025-2026,2026-04-11 00:00:00+00:00,Crystal Palace,Newcastle Utd,900,15,17,7,17,5,,,,,,,,,,,,,,,,,,,,,,,,,,,,,,,,,,,,,,,,,,,,,,,,,,,,,,,,,,,,
2025-2026,2026-04-11 00:00:00+00:00,Liverpool,Fulham,900,15,9,13,0,5,,,,,,,,,,,,,,,,,,,,,,,,,,,,,,,,,,,,,,,,,,,,,,,,,,,,,,,,,,,,
2025-2026,2026-04-11 00:00:00+00:00,Manchester Utd,Leeds United,900,15,11,16,15,5,,,,,,,,,,,,,,,,,,,,,,,,,,,,,,,,,,,,,,,,,,,,,,,,,,,,,,,,,,,,
2025-2026,2026-04-11 00:00:00+00:00,Nott'ham Forest,Aston Villa,900,15,1,19,26,5,,,,,,,,,,,,,,,,,,,,,,,,,,,,,,,,,,,,,,,,,,,,,,,,,,,,,,,,,,,,
2025-2026,2026-04-11 00:00:00+00:00,Sunderland,Tottenham,900,15,23,22,22,5,,,,,,,,,,,,,,,,,,,,,,,,,,,,,,,,,,,,,,,,,,,,,,,,,,,,,,,,,,,,
2025-2026,2026-04-11 00:00:00+00:00,West Ham,Wolves,900,15,26,25,13,5,,,,,,,,,,,,,,,,,,,,,,,,,,,,,,,,,,,,,,,,,,,,,,,,,,,,,,,,,,,,
2025-2026,2026-04-18 00:00:00+00:00,Aston Villa,Sunderland,900,15,22,1,30,5,,,,,,,,,,,,,,,,,,,,,,,,,,,,,,,,,,,,,,,,,,,,,,,,,,,,,,,,,,,,
2025-2026,2026-04-18 00:00:00+00:00,Brentford,Fulham,900,15,9,3,9,5,,,,,,,,,,,,,,,,,,,,,,,,,,,,,,,,,,,,,,,,,,,,,,,,,,,,,,,,,,,,
2025-2026,2026-04-18 00:00:00+00:00,Chelsea,Manchester Utd,900,15,16,6,23,5,,,,,,,,,,,,,,,,,,,,,,,,,,,,,,,,,,,,,,,,,,,,,,,,,,,,,,,,,,,,
2025-2026,2026-04-18 00:00:00+00:00,Crystal Palace,West Ham,900,15,25,7,17,5,,,,,,,,,,,,,,,,,,,,,,,,,,,,,,,,,,,,,,,,,,,,,,,,,,,,,,,,,,,,
2025-2026,2026-04-18 00:00:00+00:00,Everton,Liverpool,900,15,13,8,10,5,,,,,,,,,,,,,,,,,,,,,,,,,,,,,,,,,,,,,,,,,,,,,,,,,,,,,,,,,,,,
2025-2026,2026-04-18 00:00:00+00:00,Leeds United,Wolves,900,15,26,11,5,5,,,,,,,,,,,,,,,,,,,,,,,,,,,,,,,,,,,,,,,,,,,,,,,,,,,,,,,,,,,,
2025-2026,2026-04-18 00:00:00+00:00,Manchester City,Arsenal,900,15,0,15,7,5,,,,,,,,,,,,,,,,,,,,,,,,,,,,,,,,,,,,,,,,,,,,,,,,,,,,,,,,,,,,
2025-2026,2026-04-18 00:00:00+00:00,Newcastle Utd,Bournemouth,900,15,2,17,18,5,,,,,,,,,,,,,,,,,,,,,,,,,,,,,,,,,,,,,,,,,,,,,,,,,,,,,,,,,,,,
2025-2026,2026-04-18 00:00:00+00:00,Nott'ham Forest,Burnley,900,15,5,19,26,5,,,,,,,,,,,,,,,,,,,,,,,,,,,,,,,,,,,,,,,,,,,,,,,,,,,,,,,,,,,,
2025-2026,2026-04-18 00:00:00+00:00,Tottenham,Brighton,900,15,4,23,27,5,,,,,,,,,,,,,,,,,,,,,,,,,,,,,,,,,,,,,,,,,,,,,,,,,,,,,,,,,,,,
2025-2026,2026-04-25 00:00:00+00:00,Arsenal,Newcastle Utd,900,15,17,0,6,5,,,,,,,,,,,,,,,,,,,,,,,,,,,,,,,,,,,,,,,,,,,,,,,,,,,,,,,,,,,,
2025-2026,2026-04-25 00:00:00+00:00,Bournemouth,Leeds United,900,15,11,2,31,5,,,,,,,,,,,,,,,,,,,,,,,,,,,,,,,,,,,,,,,,,,,,,,,,,,,,,,,,,,,,
2025-2026,2026-04-25 00:00:00+00:00,Brighton,Chelsea,900,15,6,4,25,5,,,,,,,,,,,,,,,,,,,,,,,,,,,,,,,,,,,,,,,,,,,,,,,,,,,,,,,,,,,,
2025-2026,2026-04-25 00:00:00+00:00,Burnley,Manchester City,900,15,15,5,28,5,,,,,,,,,,,,,,,,,,,,,,,,,,,,,,,,,,,,,,,,,,,,,,,,,,,,,,,,,,,,
2025-2026,2026-04-25 00:00:00+00:00,Fulham,Aston Villa,900,15,1,9,4,5,,,,,,,,,,,,,,,,,,,,,,,,,,,,,,,,,,,,,,,,,,,,,,,,,,,,,,,,,,,,
2025-2026,2026-04-25 00:00:00+00:00,Liverpool,Crystal Palace,900,15,7,13,0,5,,,,,,,,,,,,,,,,,,,,,,,,,,,,,,,,,,,,,,,,,,,,,,,,,,,,,,,,,,,,
2025-2026,2026-04-25 00:00:00+00:00,Manchester Utd,Brentford,900,15,3,16,15,5,,,,,,,,,,,,,,,,,,,,,,,,,,,,,,,,,,,,,,,,,,,,,,,,,,,,,,,,,,,,
2025-2026,2026-04-25 00:00:00+00:00,Sunderland,Nott'ham Forest,900,15,19,22,22,5,,,,,,,,,,,,,,,,,,,,,,,,,,,,,,,,,,,,,,,,,,,,,,,,,,,,,,,,,,,,
2025-2026,2026-04-25 00:00:00+00:00,West Ham,Everton,900,15,8,25,13,5,,,,,,,,,,,,,,,,,,,,,,,,,,,,,,,,,,,,,,,,,,,,,,,,,,,,,,,,,,,,
2025-2026,2026-04-25 00:00:00+00:00,Wolves,Tottenham,900,15,23,26,14,5,,,,,,,,,,,,,,,,,,,,,,,,,,,,,,,,,,,,,,,,,,,,,,,,,,,,,,,,,,,,
2025-2026,2026-05-02 00:00:00+00:00,Arsenal,Fulham,900,15,9,0,6,5,,,,,,,,,,,,,,,,,,,,,,,,,,,,,,,,,,,,,,,,,,,,,,,,,,,,,,,,,,,,
2025-2026,2026-05-02 00:00:00+00:00,Aston Villa,Tottenham,900,15,23,1,30,5,,,,,,,,,,,,,,,,,,,,,,,,,,,,,,,,,,,,,,,,,,,,,,,,,,,,,,,,,,,,
2025-2026,2026-05-02 00:00:00+00:00,Bournemouth,Crystal Palace,900,15,7,2,31,5,,,,,,,,,,,,,,,,,,,,,,,,,,,,,,,,,,,,,,,,,,,,,,,,,,,,,,,,,,,,
2025-2026,2026-05-02 00:00:00+00:00,Brentford,West Ham,900,15,25,3,9,5,,,,,,,,,,,,,,,,,,,,,,,,,,,,,,,,,,,,,,,,,,,,,,,,,,,,,,,,,,,,
2025-2026,2026-05-02 00:00:00+00:00,Chelsea,Nott'ham Forest,900,15,19,6,23,5,,,,,,,,,,,,,,,,,,,,,,,,,,,,,,,,,,,,,,,,,,,,,,,,,,,,,,,,,,,,
2025-2026,2026-05-02 00:00:00+00:00,Everton,Manchester City,900,15,15,8,10,5,,,,,,,,,,,,,,,,,,,,,,,,,,,,,,,,,,,,,,,,,,,,,,,,,,,,,,,,,,,,
2025-2026,2026-05-02 00:00:00+00:00,Leeds United,Burnley,900,15,5,11,5,5,,,,,,,,,,,,,,,,,,,,,,,,,,,,,,,,,,,,,,,,,,,,,,,,,,,,,,,,,,,,
2025-2026,2026-05-02 00:00:00+00:00,Manchester Utd,Liverpool,900,15,13,16,15,5,,,,,,,,,,,,,,,,,,,,,,,,,,,,,,,,,,,,,,,,,,,,,,,,,,,,,,,,,,,,
2025-2026,2026-05-02 00:00:00+00:00,Newcastle Utd,Brighton,900,15,4,17,18,5,,,,,,,,,,,,,,,,,,,,,,,,,,,,,,,,,,,,,,,,,,,,,,,,,,,,,,,,,,,,
2025-2026,2026-05-02 00:00:00+00:00,Wolves,Sunderland,900,15,22,26,14,5,,,,,,,,,,,,,,,,,,,,,,,,,,,,,,,,,,,,,,,,,,,,,,,,,,,,,,,,,,,,
2025-2026,2026-05-09 00:00:00+00:00,Brighton,Wolves,900,15,26,4,25,5,,,,,,,,,,,,,,,,,,,,,,,,,,,,,,,,,,,,,,,,,,,,,,,,,,,,,,,,,,,,
2025-2026,2026-05-09 00:00:00+00:00,Burnley,Aston Villa,900,15,1,5,28,5,,,,,,,,,,,,,,,,,,,,,,,,,,,,,,,,,,,,,,,,,,,,,,,,,,,,,,,,,,,,
2025-2026,2026-05-09 00:00:00+00:00,Crystal Palace,Everton,900,15,8,7,17,5,,,,,,,,,,,,,,,,,,,,,,,,,,,,,,,,,,,,,,,,,,,,,,,,,,,,,,,,,,,,
2025-2026,2026-05-09 00:00:00+00:00,Fulham,Bournemouth,900,15,2,9,4,5,,,,,,,,,,,,,,,,,,,,,,,,,,,,,,,,,,,,,,,,,,,,,,,,,,,,,,,,,,,,
2025-2026,2026-05-09 00:00:00+00:00,Liverpool,Chelsea,900,15,6,13,0,5,,,,,,,,,,,,,,,,,,,,,,,,,,,,,,,,,,,,,,,,,,,,,,,,,,,,,,,,,,,,
2025-2026,2026-05-09 00:00:00+00:00,Manchester City,Brentford,900,15,3,15,7,5,,,,,,,,,,,,,,,,,,,,,,,,,,,,,,,,,,,,,,,,,,,,,,,,,,,,,,,,,,,,
2025-2026,2026-05-09 00:00:00+00:00,Nott'ham Forest,Newcastle Utd,900,15,17,19,26,5,,,,,,,,,,,,,,,,,,,,,,,,,,,,,,,,,,,,,,,,,,,,,,,,,,,,,,,,,,,,
2025-2026,2026-05-09 00:00:00+00:00,Sunderland,Manchester Utd,900,15,16,22,22,5,,,,,,,,,,,,,,,,,,,,,,,,,,,,,,,,,,,,,,,,,,,,,,,,,,,,,,,,,,,,
2025-2026,2026-05-09 00:00:00+00:00,Tottenham,Leeds United,900,15,11,23,27,5,,,,,,,,,,,,,,,,,,,,,,,,,,,,,,,,,,,,,,,,,,,,,,,,,,,,,,,,,,,,
2025-2026,2026-05-09 00:00:00+00:00,West Ham,Arsenal,900,15,0,25,13,5,,,,,,,,,,,,,,,,,,,,,,,,,,,,,,,,,,,,,,,,,,,,,,,,,,,,,,,,,,,,
2025-2026,2026-05-17 00:00:00+00:00,Arsenal,Burnley,900,15,5,0,6,6,,,,,,,,,,,,,,,,,,,,,,,,,,,,,,,,,,,,,,,,,,,,,,,,,,,,,,,,,,,,
2025-2026,2026-05-17 00:00:00+00:00,Aston Villa,Liverpool,900,15,13,1,30,6,,,,,,,,,,,,,,,,,,,,,,,,,,,,,,,,,,,,,,,,,,,,,,,,,,,,,,,,,,,,
2025-2026,2026-05-17 00:00:00+00:00,Bournemouth,Manchester City,900,15,15,2,31,6,,,,,,,,,,,,,,,,,,,,,,,,,,,,,,,,,,,,,,,,,,,,,,,,,,,,,,,,,,,,
2025-2026,2026-05-17 00:00:00+00:00,Brentford,Crystal Palace,900,15,7,3,9,6,,,,,,,,,,,,,,,,,,,,,,,,,,,,,,,,,,,,,,,,,,,,,,,,,,,,,,,,,,,,
2025-2026,2026-05-17 00:00:00+00:00,Chelsea,Tottenham,900,15,23,6,23,6,,,,,,,,,,,,,,,,,,,,,,,,,,,,,,,,,,,,,,,,,,,,,,,,,,,,,,,,,,,,
2025-2026,2026-05-17 00:00:00+00:00,Everton,Sunderland,900,15,22,8,10,6,,,,,,,,,,,,,,,,,,,,,,,,,,,,,,,,,,,,,,,,,,,,,,,,,,,,,,,,,,,,
2025-2026,2026-05-17 00:00:00+00:00,Leeds United,Brighton,900,15,4,11,5,6,,,,,,,,,,,,,,,,,,,,,,,,,,,,,,,,,,,,,,,,,,,,,,,,,,,,,,,,,,,,
2025-2026,2026-05-17 00:00:00+00:00,Manchester Utd,Nott'ham Forest,900,15,19,16,15,6,,,,,,,,,,,,,,,,,,,,,,,,,,,,,,,,,,,,,,,,,,,,,,,,,,,,,,,,,,,,
2025-2026,2026-05-17 00:00:00+00:00,Newcastle Utd,West Ham,900,15,25,17,18,6,,,,,,,,,,,,,,,,,,,,,,,,,,,,,,,,,,,,,,,,,,,,,,,,,,,,,,,,,,,,
2025-2026,2026-05-17 00:00:00+00:00,Wolves,Fulham,900,15,9,26,14,6,,,,,,,,,,,,,,,,,,,,,,,,,,,,,,,,,,,,,,,,,,,,,,,,,,,,,,,,,,,,
2025-2026,2026-05-24 00:00:00+00:00,Brighton,Manchester Utd,960,16,16,4,25,6,,,,,,,,,,,,,,,,,,,,,,,,,,,,,,,,,,,,,,,,,,,,,,,,,,,,,,,,,,,,
2025-2026,2026-05-24 00:00:00+00:00,Burnley,Wolves,960,16,26,5,28,6,,,,,,,,,,,,,,,,,,,,,,,,,,,,,,,,,,,,,,,,,,,,,,,,,,,,,,,,,,,,
2025-2026,2026-05-24 00:00:00+00:00,Crystal Palace,Arsenal,960,16,0,7,17,6,,,,,,,,,,,,,,,,,,,,,,,,,,,,,,,,,,,,,,,,,,,,,,,,,,,,,,,,,,,,
2025-2026,2026-05-24 00:00:00+00:00,Fulham,Newcastle Utd,960,16,17,9,4,6,,,,,,,,,,,,,,,,,,,,,,,,,,,,,,,,,,,,,,,,,,,,,,,,,,,,,,,,,,,,
2025-2026,2026-05-24 00:00:00+00:00,Liverpool,Brentford,960,16,3,13,0,6,,,,,,,,,,,,,,,,,,,,,,,,,,,,,,,,,,,,,,,,,,,,,,,,,,,,,,,,,,,,
2025-2026,2026-05-24 00:00:00+00:00,Manchester City,Aston Villa,960,16,1,15,7,6,,,,,,,,,,,,,,,,,,,,,,,,,,,,,,,,,,,,,,,,,,,,,,,,,,,,,,,,,,,,
2025-2026,2026-05-24 00:00:00+00:00,Nott'ham Forest,Bournemouth,960,16,2,19,26,6,,,,,,,,,,,,,,,,,,,,,,,,,,,,,,,,,,,,,,,,,,,,,,,,,,,,,,,,,,,,
2025-2026,2026-05-24 00:00:00+00:00,Sunderland,Chelsea,960,16,6,22,22,6,,,,,,,,,,,,,,,,,,,,,,,,,,,,,,,,,,,,,,,,,,,,,,,,,,,,,,,,,,,,
2025-2026,2026-05-24 00:00:00+00:00,Tottenham,Everton,960,16,8,23,27,6,,,,,,,,,,,,,,,,,,,,,,,,,,,,,,,,,,,,,,,,,,,,,,,,,,,,,,,,,,,,
2025-2026,2026-05-24 00:00:00+00:00,West Ham,Leeds United,960,16,11,25,13,6,,,,,,,,,,,,,,,,,,,,,,,,,,,,,,,,,,,,,,,,,,,,,,,,,,,,,,,,,,,,
